,Name,Number of Episode,aged,Synopsis,Cast,Genre,Tags,token
0,무브 투 헤븐 나는 유품정리사입니다,10,19,유품에는 생전의 삶이 깃들어 있다. 작은 흔적도 세심히 챙기는 유품정리사. 그에게 있는 줄도 몰랐던 삼촌이 나타난다. 함께 일하기 시작하는 두 사람. 고인이 못다 한 이야기를 전해드립니다!,"이지훈, 탕준상, 홍승희, 정석용, 정영주, 이문식","생존,  드라마,  가족 ","자폐증, 삼촌과 조카, 죽음, 서번트 증후군, 애도, 매우 슬픈, 부자관계, 인생교훈, 전과자, 청소 및 정리","['유품에는', '생전의', '삶이', '깃들어', '있다', '작은', '흔적도', '세심히', '챙기는', '유품정리사', '그에게', '있는', '줄도', '몰랐던', '삼촌이', '나타난다', '함께', '일하기', '시작하는', '두', '사람', '고인이', '못다', '한', '이야기를', '전해드립니다', '!', '이지훈', '탕준상', '홍승희', '정석용', '정영주', '이문식', '생존', '드라마', '가족', '자폐증', '삼촌과', '조카', '죽음', '서번트', '증후군', '애도', '매우', '슬픈', '부자관계', '인생교훈', '전과자', '청소', '및', '정리']"
1,슬기로운 의사생활,12,15,"누군가는 태어나고 누군가는 삶을 끝내는, 인생의 축소판이라 불리는 병원에서 평범한 듯 특별한 하루하루를 살아가는 사람들과 눈빛만 봐도 알 수 있는 20년지기 친구들의 케미스토리를 담은 드라마","조정석, 유연석, 정경호, 김대명, 전미도, 신혜빈","우정,  로맨스,  생존,  의학 ","찐한우정, 다수의 주인공, 베프, 병원, 잔잔한 로맨스, 여성리더, 다수의 커플, 약간의 로맨스, 훈훈한 남자, 브로맨스","['누군가는', '태어나고', '누군가는', '삶을', '끝내는', '인생의', '축소판이라', '불리는', '병원에서', '평범한', '듯', '특별한', '하루하루를', '살아가는', '사람들과', '눈빛만', '봐도', '알', '수', '있는', '20', '년지기', '친구들의', '케미스토리를', '담은', '드라마', '조정석', '유연석', '정경호', '김대명', '전미도', '신혜빈', '우정', '로맨스', '생존', '의학', '찐한우정', '다수의', '주인공', '베프', '병원', '잔잔한', '로맨스', '여성리더', '다수의', '커플', '약간의', '로맨스', '훈훈한', '남자', '브로맨스']"
2,악의 꽃,16,15,14년간 사랑해 온 남편이 피도 눈물도 없는 연쇄살인마로 의심된다면? 사랑마저 연기한 남자 희성과 그의 실체를 의심하기 시작한 아내 지원. 외면하고 싶은 진실 앞에 마주 선 두 사람의 고밀도 감성 추적극이 시작된다.,"이준기, 문채원, 장희진, 서현우, 남기애, 송종학","스릴러,  로맨스,  범죄,  멜로드라마 ","부부, 속임수, 서스펜스, 출생의 비밀, 숨겨진 자아, 영리한 여성, 반사회적 인격장애, 조사, 연쇄살인범, 사이코패스","['14', '년간', '사랑해', '온', '남편이', '피도', '눈물도', '없는', '연쇄살인마로', '의심된다면', '?', '사랑마저', '연기한', '남자', '희성과', '그의', '실체를', '의심하기', '시작한', '아내', '지원', '외면하고', '싶은', '진실', '앞에', '마주', '선', '두', '사람의', '고밀도', '감성', '추적극이', '시작된다', '이준기', '문채원', '장희진', '서현우', '남기애', '송종학', '스릴러', '로맨스', '범죄', '멜로드라마', '부부', '속임수', '서스펜스', '출생의', '비밀', '숨겨진', '자아', '영리한', '여성', '반사회적', '인격장애', '조사', '연쇄살인범', '사이코패스']"
3,슬기로운 의사생활2,12,15,"누군가는 태어나고 누군가는 삶을 끝내는, 인생의 축소판이라 불리는 병원에서 평범한 듯 특별한 하루하루를 살아가는 사람들과 눈빛만 봐도 알 수 있는 20년지기 친구들의 케미스토리를 담은 드라마","조정석, 유연석, 정경호, 김대명, 전미도, 신혜빈","우정,  로맨스,  생존,  의학 ","직장, 찐한우정, 베프, 다수의 주인공, 밴드, 음악, 여성리더, 다수의 커플, 코믹, 병원","['누군가는', '태어나고', '누군가는', '삶을', '끝내는', '인생의', '축소판이라', '불리는', '병원에서', '평범한', '듯', '특별한', '하루하루를', '살아가는', '사람들과', '눈빛만', '봐도', '알', '수', '있는', '20', '년지기', '친구들의', '케미스토리를', '담은', '드라마', '조정석', '유연석', '정경호', '김대명', '전미도', '신혜빈', '우정', '로맨스', '생존', '의학', '직장', '찐한우정', '베프', '다수의', '주인공', '밴드', '음악', '여성리더', '다수의', '커플', '코믹', '병원']"
4,나의 아저씨,16,15,삶의 무게를 버티며 살아가는 아저씨 삼 형제와 거칠게 살아온 한 여성이 서로를 통해 삶을 치유하게 되는 이야기,"이선균, 아이유, 박호산, 송새벽, 이지아, 김영민","심리,  생존,  드라마,  가족 ","세대차이, 훈훈한 남자, 여성리더, 고난, 영리한 여성, 힐링, 우울, 가난한 여성, 직장, 부정","['삶의', '무게를', '버티며', '살아가는', '아저씨', '삼', '형제와', '거칠게', '살아온', '한', '여성이', '서로를', '통해', '삶을', '치유하게', '되는', '이야기', '이선균', '아이유', '박호산', '송새벽', '이지아', '김영민', '심리', '생존', '드라마', '가족', '세대차이', '훈훈한', '남자', '여성리더', '고난', '영리한', '여성', '힐링', '우울', '가난한', '여성', '직장', '부정']"
5,슬기로운 감빵생활,16,15,감옥을 배경으로 미지의 공간 속의 사람 사는 모습을 그린 에피소드 드라마,"박해수, 정경호, 정수정, 임화영, 예수정, 김경남","코미디,  범죄,  생존,  드라마 ","감옥, 브로맨스, 억울하게 고발당함, 인생교훈, 약간의 로맨스, 강한남자, 캐릭터 개발, 야구, 갱스터, 살인","['감옥을', '배경으로', '미지의', '공간', '속의', '사람', '사는', '모습을', '그린', '에피소드', '드라마', '박해수', '정경호', '정수정', '임화영', '예수정', '김경남', '코미디', '범죄', '생존', '드라마', '감옥', '브로맨스', '억울하게', '고발당함', '인생교훈', '약간의', '로맨스', '강한남자', '캐릭터', '개발', '야구', '갱스터', '살인']"
6,응답하라 1988,20,15,"쌍팔년도 쌍문동, 한 골목 다섯 가족의 왁자지껄 코믹 가족극","이혜리, 고경표, 류준열, 박보검, 이동휘, 성동일","코미디,  로맨스,  청춘,  가족 ","이웃, 삶의 조각, 부랄친구, 다수의 커플, 향수, 가난한 가족, 삼각관계, 베프, 가슴아픈, 고등학교","['쌍팔년도', '쌍문동', '한', '골목', '다섯', '가족의', '왁자지껄', '코믹', '가족극', '이혜리', '고경표', '류준열', '박보검', '이동휘', '성동일', '코미디', '로맨스', '청춘', '가족', '이웃', '삶의', '조각', '부랄친구', '다수의', '커플', '향수', '가난한', '가족', '삼각관계', '베프', '가슴아픈', '고등학교']"
7,사이코지만 괜찮아,16,15,버거운 삶의 무게로 사랑을 거부하는 정신 병동 보호사 강태와 태생적 결함으로 사랑을 모르는 동화 작가 문영이 서로의 상처를 보듬고 치유해가는 한 편의 판타지 동화 같은 사랑에 관한 조금 이상한 로맨틱 코미디,"김수현, 서예지, 오정세, 박규영, 장영남, 김창완","심리,  코미디,  로맨스,  드라마 ","형제관계, 멜로드라마, 정신건강, 독립적인 여성, 감정적으로 상처받은, 성공적인 여성, 힐링, 간병인, 어릴적 유대, 정신의학","['버거운', '삶의', '무게로', '사랑을', '거부하는', '정신', '병동', '보호사', '강태와', '태생적', '결함으로', '사랑을', '모르는', '동화', '작가', '문영이', '서로의', '상처를', '보듬고', '치유해가는', '한', '편의', '판타지', '동화', '같은', '사랑에', '관한', '조금', '이상한', '로맨틱', '코미디', '김수현', '서예지', '오정세', '박규영', '장영남', '김창완', '심리', '코미디', '로맨스', '드라마', '형제관계', '멜로드라마', '정신건강', '독립적인', '여성', '감정적으로', '상처받은', '성공적인', '여성', '힐링', '간병인', '어릴적', '유대', '정신의학']"
8,철인왕후,20,15,불의의 사고로 대한민국 대표 허세남 영혼이 깃들어 '저 세상 텐션'을 갖게 된 중전 김소용과 두 얼굴의 임금 철종 사이에서 벌어지는 영혼가출 스캔들,"신혜선, 김정현, 배종옥, 김태우, 조윤희, 설인아","사극,  미스터리,  코미디,  로맨스 ","뇌섹남, 환생, 침착남, 조선왕조, 시간 여행, 엽기적인 여주인공, 바뀐 몸, 성별 스왑, 별난여성, 권력투쟁","['불의의', '사고로', '대한민국', '대표', '허세남', '영혼이', '깃들어', '저', '세상', '텐션', '을', '갖게', '된', '중전', '김소용과', '두', '얼굴의', '임금', '철종', '사이에서', '벌어지는', '영혼가출', '스캔들', '신혜선', '김정현', '배종옥', '김태우', '조윤희', '설인아', '사극', '미스터리', '코미디', '로맨스', '뇌섹남', '환생', '침착남', '조선왕조', '시간', '여행', '엽기적인', '여주인공', '바뀐', '몸', '성별', '스왑', '별난여성', '권력투쟁']"
9,마더,16,15,상처받은 소녀를 구해내기 위해 그 소녀의 엄마가 되기로 한 여자의 이야기,"이보영, 허율, 이혜영, 고성희, 이재윤, 고보결","스릴러,  미스터리,  심리,  멜로드라마 ","모녀관계, 독립적인 여성, 고아 여주인공, 영리한 여성, 아동학대, 입양, 여성리더, 모성애, 사이코패스, 동거","['상처받은', '소녀를', '구해내기', '위해', '그', '소녀의', '엄마가', '되기로', '한', '여자의', '이야기', '이보영', '허율', '이혜영', '고성희', '이재윤', '고보결', '스릴러', '미스터리', '심리', '멜로드라마', '모녀관계', '독립적인', '여성', '고아', '여주인공', '영리한', '여성', '아동학대', '입양', '여성리더', '모성애', '사이코패스', '동거']"
10,시그널,16,15,tvN 드라마 '시그널'의 일본 리메이크 작으로 과거로부터 걸려온 무전기를 통해 과거와 현재의 형사들이 오래된 미제 사건들을 다시 추적하는 형사 드라마,"이지훈, 김혜수, 조진웅, 김원해, 이유준, 장현성","스릴러,  미스터리,  공상과학 ","다른 시간대, 화성 연쇄 살인, 살인, 프로파일러, 연쇄살인범, 절망적 과거, 영리한 여성, 부패, 시간 변화, 납치","['tvN', '드라마', '시그널', '의', '일본', '리메이크', '작으로', '과거로부터', '걸려온', '무전기를', '통해', '과거와', '현재의', '형사들이', '오래된', '미제', '사건들을', '다시', '추적하는', '형사', '드라마', '이지훈', '김혜수', '조진웅', '김원해', '이유준', '장현성', '스릴러', '미스터리', '공상과학', '다른', '시간대', '화성', '연쇄', '살인', '살인', '프로파일러', '연쇄살인범', '절망적', '과거', '영리한', '여성', '부패', '시간', '변화', '납치']"
11,나빌레라,12,15,나이 일흔에 발레를 시작한 덕출과 스물셋 꿈 앞에서 방황하는 발레리노 채록의 성장 드라마,"박인환, 송강, 나문희, 홍승희, 김태훈, 윤지혜","우정,  생존,  드라마,  가족 ","발레, 꿈, 인생교훈, 신구세대, 특이한 우정, 발레 댄서, 성장, 웹툰기반, 부자관계, 두번째 기회","['나이', '일흔에', '발레를', '시작한', '덕출과', '스물셋', '꿈', '앞에서', '방황하는', '발레리노', '채록의', '성장', '드라마', '박인환', '송강', '나문희', '홍승희', '김태훈', '윤지혜', '우정', '생존', '드라마', '가족', '발레', '꿈', '인생교훈', '신구세대', '특이한', '우정', '발레', '댄서', '성장', '웹툰기반', '부자관계', '두번째', '기회']"
12,해피니스,12,15,"감염병이 일상화된 뉴노멀 시대, 고층을 일반 분양으로 저층을 임대주택으로 나눈 대도시 신축 아파트에서 벌어지는 계급 간 차별과 은근한 신경전을 그린 드라마","한효주, 박형식, 조우진, 이준혁, 박주희, 백현진","액션,  스릴러,  드라마,  판타지 ","질병, 여성리더, 생존, 바이러스, 가짜결혼, 좀비, 차별, 슬로우 번 로맨스 , 감염성 질병, 병","['감염병이', '일상화된', '뉴노멀', '시대', '고층을', '일반', '분양으로', '저층을', '임대주택으로', '나눈', '대도시', '신축', '아파트에서', '벌어지는', '계급', '간', '차별과', '은근한', '신경전을', '그린', '드라마', '한효주', '박형식', '조우진', '이준혁', '박주희', '백현진', '액션', '스릴러', '드라마', '판타지', '질병', '여성리더', '생존', '바이러스', '가짜결혼', '좀비', '차별', '슬로우', '번', '로맨스', '감염성', '질병', '병']"
13,빈센조,20,15,조직의 배신으로 한국으로 오게 된 이탈리아 마피아 변호사가 베테랑 독종 변호사와 함께 악당의 방식으로 악당을 쓸어버리는 이야기,"송중기, 전여빈, 옥택연, 김여진, 조한철, 곽동연","코미디,  법정,  범죄,  드라마 ","마피아, 복수, 뇌섹남, 별난여성, 부당한, 매력적인 남주인공, 브로맨스,부녀관계, 나쁜남자, 영리한 여성","['조직의', '배신으로', '한국으로', '오게', '된', '이탈리아', '마피아', '변호사가', '베테랑', '독종', '변호사와', '함께', '악당의', '방식으로', '악당을', '쓸어버리는', '이야기', '송중기', '전여빈', '옥택연', '김여진', '조한철', '곽동연', '코미디', '법정', '범죄', '드라마', '마피아', '복수', '뇌섹남', '별난여성', '부당한', '매력적인', '남주인공', '브로맨스', '부녀관계', '나쁜남자', '영리한', '여성']"
14,사랑의 불시착,16,15,어느 날 돌풍과 함께 패러글라이딩 사고로 북한에 불시착한 재벌 상속녀 윤세리와 그녀를 숨기고 지키다 사랑하게 되는 특급 장교 리정혁의 절대 극비 러브스토리를 그린 드라마,"현빈, 손예진, 서지혜, 김정현, 양경원, 황우슬혜","군대,  코미디,  로맨스,  정치 ","남북한, 함께할수없는연인, 다른나라의 연인, 강한남자, 육군장교, 부자여성, 북한, 군인, 운명, 훈훈한 남자","['어느', '날', '돌풍과', '함께', '패러글라이딩', '사고로', '북한에', '불시착한', '재벌', '상속녀', '윤세리와', '그녀를', '숨기고', '지키다', '사랑하게', '되는', '특급', '장교', '리정혁의', '절대', '극비', '러브스토리를', '그린', '드라마', '현빈', '손예진', '서지혜', '김정현', '양경원', '황우슬혜', '군대', '코미디', '로맨스', '정치', '남북한', '함께할수없는연인', '다른나라의', '연인', '강한남자', '육군장교', '부자여성', '북한', '군인', '운명', '훈훈한', '남자']"
15,SKY캐슬,20,15,"대한민국 상위 0.1%가 모여 사는 SKY 캐슬 안에서 남편은 왕으로, 제 자식은 천하제일 왕자와 공주로 키우고 싶은 명문가 출신 사모님들의 처절한 욕망을 샅샅이 들여다보는 리얼 코믹 풍자 드라마","염정아, 이태란, 윤세아, 오나라, 김서형, 정준호","미스터리,  심리,  드라마,  가족 ","다수의 주인공, 소셜 코멘터리, 형제, 의학, 사회풍자, 여성중심, 풍자, 병원, 모녀관계, 죽음","['대한민국', '상위', '0', '1', '%', '가', '모여', '사는', 'SKY', '캐슬', '안에서', '남편은', '왕으로', '제', '자식은', '천하제일', '왕자와', '공주로', '키우고', '싶은', '명문가', '출신', '사모님들의', '처절한', '욕망을', '샅샅이', '들여다보는', '리얼', '코믹', '풍자', '드라마', '염정아', '이태란', '윤세아', '오나라', '김서형', '정준호', '미스터리', '심리', '드라마', '가족', '다수의', '주인공', '소셜', '코멘터리', '형제', '의학', '사회풍자', '여성중심', '풍자', '병원', '모녀관계', '죽음']"
16,킹덤,6,19,"병든 왕을 둘러싸고 흉흉한 소문이 떠돈다.어둠에 뒤덮인 조선, 기이한 역병에 신음하는 산하.정체 모를 악에 맞서 백성을 구원할 희망은 오직 세자뿐이다.","주지훈, 배두나, 김성규, 류승룡, 김상호, 전석호","스릴러,  사극,  호러,  초자연적인 ","좀비, 부패, 강한남자, 고어, 여성리더, 권력투쟁, 영리한 여성, 죽음, 궁정, 욕심","['병든', '왕을', '둘러싸고', '흉흉한', '소문이', '떠돈다', '어둠에', '뒤덮인', '조선', '기이한', '역병에', '신음하는', '산하', '정체', '모를', '악에', '맞서', '백성을', '구원할', '희망은', '오직', '세자뿐이다', '주지훈', '배두나', '김성규', '류승룡', '김상호', '전석호', '스릴러', '사극', '호러', '초자연적인', '좀비', '부패', '강한남자', '고어', '여성리더', '권력투쟁', '영리한', '여성', '죽음', '궁정', '욕심']"
17,미스터 션샤인,24,15,신미양요(1871년) 때 군함에 승선해 미국에 떨어진 한 소년이 미국 군인 신분으로 자신을 버린 조국인 조선으로 돌아와 주둔하며 벌어지는 일을 그린 드라마,"이병헌, 김태리, 김민정, 유연석, 변요한, 김갑수","군대,  사극,  로맨스,  멜로드라마 ","독립적인 여성, 강한남자, 여성리더, 뇌섹남, 브로맨스, 군인, 외국인, 반란, 일제강점, 시스맨스","['신미양요', '1871', '때', '군함에', '승선해', '미국에', '떨어진', '한', '소년이', '미국', '군인', '신분으로', '자신을', '버린', '조국인', '조선으로', '돌아와', '주둔하며', '벌어지는', '일을', '그린', '드라마', '이병헌', '김태리', '김민정', '유연석', '변요한', '김갑수', '군대', '사극', '로맨스', '멜로드라마', '독립적인', '여성', '강한남자', '여성리더', '뇌섹남', '브로맨스', '군인', '외국인', '반란', '일제강점', '시스맨스']"
18,힐러,20,15,정치나 사회 정의 같은 건 그저 재수 없는 단어라고 생각하며 살던 청춘들이 부모세대가 남겨놓은 세상과 맞싸우는 통쾌하고 발칙한 액션 로맨스 드라마,"지창욱, 박민영, 유지태, 김미경, 박상원, 도지원","액션,  스릴러,  미스터리,  로맨스 ","이중인격, 숨겨진 정체, 뇌섹남, 강한남자, 철없는 여주인공, 싸움, 비밀, 엽기적인 여주인공, 기자, 트라우마","['정치나', '사회', '정의', '같은', '건', '그저', '재수', '없는', '단어라고', '생각하며', '살던', '청춘들이', '부모세대가', '남겨놓은', '세상과', '맞싸우는', '통쾌하고', '발칙한', '액션', '로맨스', '드라마', '지창욱', '박민영', '유지태', '김미경', '박상원', '도지원', '액션', '스릴러', '미스터리', '로맨스', '이중인격', '숨겨진', '정체', '뇌섹남', '강한남자', '철없는', '여주인공', '싸움', '비밀', '엽기적인', '여주인공', '기자', '트라우마']"
19,비밀의 숲,16,15,"감정을 느끼지 못하는 외톨이 검사 황시목이, 정의롭고 따뜻한 형사 한여진과 함께 검찰 스폰서 살인사건과 그 이면에 숨겨진 진실을 파헤치는 내부 비밀 추적극","조승우, 배두나, 이준혁, 유재명, 신혜선, 최재웅","스릴러,  미스터리,  법정,  드라마 ","서스펜스, 조사, 부패, 범죄해결듀오, 살인, 침착남, 감정표현불능증 , 무감정남성, 여성리더, 영리한 여성","['감정을', '느끼지', '못하는', '외톨이', '검사', '황시목이', '정의롭고', '따뜻한', '형사', '한여진과', '함께', '검찰', '스폰서', '살인사건과', '그', '이면에', '숨겨진', '진실을', '파헤치는', '내부', '비밀', '추적극', '조승우', '배두나', '이준혁', '유재명', '신혜선', '최재웅', '스릴러', '미스터리', '법정', '드라마', '서스펜스', '조사', '부패', '범죄해결듀오', '살인', '침착남', '감정표현불능증', '무감정남성', '여성리더', '영리한', '여성']"
20,도깨비,16,15,"불멸의 삶을 끝내기 위해 인간 신부가 필요한 도깨비, 그와 기묘한 동거를 시작한 기억상실증 저승사자. 그런 그들 앞에 '도깨비 신부'라 주장하는 '죽었어야 할 운명'의 소녀가 나타나며 벌어지는 신비로운 낭만 설화","공유, 김고은, 이동욱, 유인나, 육성재, 이엘","코미디,  로맨스,  판타지,  멜로드라마 ","초자연현상, 저승사자, 늙은 남자 어린 여자, 이종로맨스, 도깨비, 운명, 매우 슬픈, 브로맨스, 죽음, 가슴아픈","['불멸의', '삶을', '끝내기', '위해', '인간', '신부가', '필요한', '도깨비', '그와', '기묘한', '동거를', '시작한', '기억상실증', '저승사자', '그런', '그들', '앞에', '도깨비', '신부', '라', '주장하는', '죽었어야', '할', '운명', '의', '소녀가', '나타나며', '벌어지는', '신비로운', '낭만', '설화', '공유', '김고은', '이동욱', '유인나', '육성재', '이엘', '코미디', '로맨스', '판타지', '멜로드라마', '초자연현상', '저승사자', '늙은', '남자', '어린', '여자', '이종로맨스', '도깨비', '운명', '매우', '슬픈', '브로맨스', '죽음', '가슴아픈']"
21,갯마을 차차차,16,15,현실주의 치과의사 윤혜진과 만능 백수 홍반장이 짠내 사람내음 가득한 바닷마을 ‘공진’에서 벌이는 티키타카 힐링 로맨스,"신민아, 김선호, 이상이, 인교진, 조한철, 이봉련","코미디,  로맨스,  생존 ","시골, 치과의사, 힐링, 마음이 따뜻한 남 주인공, 친절한 여주인공, 명랑한 남주인공, 훈훈한 남자, 부부싸움, 전원생활, 열심히 일하는 남 주인공","['현실주의', '치과의사', '윤혜진과', '만능', '백수', '홍반장이', '짠내', '사람내음', '가득한', '바닷마을', '‘', '공진', '’', '에서', '벌이는', '티키타카', '힐링', '로맨스', '신민아', '김선호', '이상이', '인교진', '조한철', '이봉련', '코미디', '로맨스', '생존', '시골', '치과의사', '힐링', '마음이', '따뜻한', '남', '주인공', '친절한', '여주인공', '명랑한', '남주인공', '훈훈한', '남자', '부부싸움', '전원생활', '열심히', '일하는', '남', '주인공']"
22,경이로운 소문,16,15,악귀 사냥꾼 '카운터'들이 국숫집 직원으로 위장해 지상의 악귀들을 물리치는 통쾌하고 땀내 나는 악귀타파 히어로물,"조병규, 유준상, 김세정, 염혜란, 안석환, 이홍내","액션,  미스터리,  드라마,  초자연적인 ","특별한 힘, 불의를 못 참는 남 주인공, 악마 영혼, 여성리더, 다수의 주인공, 고아 남 주인공, 영혼, 학교폭력, 어릴적 트라우마, 훈훈한 남자","['악귀', '사냥꾼', '카운터', '들이', '국숫집', '직원으로', '위장해', '지상의', '악귀들을', '물리치는', '통쾌하고', '땀내', '나는', '악귀타파', '히어로물', '조병규', '유준상', '김세정', '염혜란', '안석환', '이홍내', '액션', '미스터리', '드라마', '초자연적인', '특별한', '힘', '불의를', '못', '참는', '남', '주인공', '악마', '영혼', '여성리더', '다수의', '주인공', '고아', '남', '주인공', '영혼', '학교폭력', '어릴적', '트라우마', '훈훈한', '남자']"
23,D.P.,6,15,탈영병들을 잡는 군무 이탈 체포조(D.P.) 준호와 호열이 다양한 사연을 가진 이들을 쫓으며 미처 알지 못했던 현실을 마주하는 이야기,"정해인, 구교환, 김성균, 손석구, 홍경, 조현철","액션,  군대,  코미디,  드라마 ","학대, 군인, 군대 학대, 폭력, PTSD, 브로맨스, 극복 트라우마, 웹툰기반, 성폭력, 탈영","['탈영병들을', '잡는', '군무', '이탈', '체포조', 'D', 'P', '준호와', '호열이', '다양한', '사연을', '가진', '이들을', '쫓으며', '미처', '알지', '못했던', '현실을', '마주하는', '이야기', '정해인', '구교환', '김성균', '손석구', '홍경', '조현철', '액션', '군대', '코미디', '드라마', '학대', '군인', '군대', '학대', '폭력', 'PTSD', '브로맨스', '극복', '트라우마', '웹툰기반', '성폭력', '탈영']"
24,킹덤2,6,19,"죽었던 왕이 되살아나자 반역자로 몰린 왕세자가 향한 조선의 끝, 그곳에서 굶주림 끝에 괴물이 되어버린 이들의 비밀을 파헤치며 시작되는 미스터리 스릴러","주지훈, 류승룡, 배두나, 김성규, 허준호, 김상호","스릴러, 역사, 공포, 정치","조선, 웹툰 각색, 권력투쟁, 고어, 착한남자주인공, 강한남자주인공, 생존, 부패, 강한여주인공, 전염병","['죽었던', '왕이', '되살아나자', '반역자로', '몰린', '왕세자가', '향한', '조선의', '끝', '그곳에서', '굶주림', '끝에', '괴물이', '되어버린', '이들의', '비밀을', '파헤치며', '시작되는', '미스터리', '스릴러', '주지훈', '류승룡', '배두나', '김성규', '허준호', '김상호', '스릴러', '역사', '공포', '정치', '조선', '웹툰', '각색', '권력투쟁', '고어', '착한남자주인공', '강한남자주인공', '생존', '부패', '강한여주인공', '전염병']"
25,펜트하우스,21,15,"단 한번의 인생역전 기회 당신이 원하는 만큼의 상금, 갖거나 나누거나 승자 배분 사회","이지아, 김소연, 유진, 엄기준, 봉태규, 신은경","스릴러,  미스터리,  드라마,  가족 ","배신, 복수, 욕심, 질투, 여성중심, 부부, 오페라 가수, 모성애, 쌍둥이, 학교폭력","['단', '한번의', '인생역전', '기회', '당신이', '원하는', '만큼의', '상금', '갖거나', '나누거나', '승자', '배분', '사회', '이지아', '김소연', '유진', '엄기준', '봉태규', '신은경', '스릴러', '미스터리', '드라마', '가족', '배신', '복수', '욕심', '질투', '여성중심', '부부', '오페라', '가수', '모성애', '쌍둥이', '학교폭력']"
26,역도요정 김복주,16,15,바벨만 들던 스물한 살 역도선수 김복주에게 닥친 폭풍 같은 첫사랑을 그린 감성 청춘 드라마,"이성경, 남주혁, 이재윤, 경수진, 조혜정, 이주영","코미디,  로맨스,  청춘,  스포츠 ","대학생활, 꿈, 친구에서 연인, 역도, 여성리더, 장난치는관계, 구애하는, 톰보이, 수영, 시스맨스","['바벨만', '들던', '스물한', '살', '역도선수', '김복주에게', '닥친', '폭풍', '같은', '첫사랑을', '그린', '감성', '청춘', '드라마', '이성경', '남주혁', '이재윤', '경수진', '조혜정', '이주영', '코미디', '로맨스', '청춘', '스포츠', '대학생활', '꿈', '친구에서', '연인', '역도', '여성리더', '장난치는관계', '구애하는', '톰보이', '수영', '시스맨스']"
27,악마판사,16,15,"가상의 디스토피아 대한민국, 전 국민이 참여하는 라이브 법정 쇼와 함께 등장한 '악마판사' 강요한. 그는 모두가 원하는 영웅인가, 법관의 가면을 쓴 악마인가?","지성, 김민정, 박진영, 박규영, 전채은, 김재경","미스터리,  법정,  범죄,  드라마 ","판사, 힘든과거, 디스토피아, 안티히어로, 브로맨스, 열심히 일하는 남 주인공, 법정, 부패, 여성리더, 미스터리한 남주인공","['가상의', '디스토피아', '대한민국', '전', '국민이', '참여하는', '라이브', '법정', '쇼와', '함께', '등장한', '악마판사', '강요한', '그는', '모두가', '원하는', '영웅인가', '법관의', '가면을', '쓴', '악마인가', '?', '지성', '김민정', '박진영', '박규영', '전채은', '김재경', '미스터리', '법정', '범죄', '드라마', '판사', '힘든과거', '디스토피아', '안티히어로', '브로맨스', '열심히', '일하는', '남', '주인공', '법정', '부패', '여성리더', '미스터리한', '남주인공']"
28,라이프 온 마스,16,15,"꿈인지 현실인지 알 수 없는 1988년, 기억을 찾으려는 2018년 형사가 1988년 형사와 만나 벌이는 신나는 복고 수사극","정경호, 박성웅, 고아성, 오대환, 노종현, 전석호","액션,  미스터리,  코미디,  초자연적인 ","80년대, 경찰소설, 브로맨스, 침착남, 뇌섹남, 찐한우정, 환각, 여성리더, 연쇄살인범, 혼수상태","['꿈인지', '현실인지', '알', '수', '없는', '1988', '기억을', '찾으려는', '2018', '형사가', '1988', '형사와', '만나', '벌이는', '신나는', '복고', '수사극', '정경호', '박성웅', '고아성', '오대환', '노종현', '전석호', '액션', '미스터리', '코미디', '초자연적인', '80', '년대', '경찰소설', '브로맨스', '침착남', '뇌섹남', '찐한우정', '환각', '여성리더', '연쇄살인범', '혼수상태']"
29,펜트하우스2,13,15,"채워질 수 없는 일그러진 욕망으로 집값 1번지, 교육 1번지에서 벌이는 서스펜스 복수극! 자식을 지키기 위해 악녀가 될 수밖에 없었던 여자들의 연대와 복수를 그린 이야기!","김소연, 유진, 이지아, 엄기준, 윤종훈, 신은경","스릴러,  미스터리,  드라마,  가족 ","복수, 부패, 상류사회, 여성중심, 욕심, 부정, 살인, 가족관계, 배신, 부부","['채워질', '수', '없는', '일그러진', '욕망으로', '집값', '1', '번지', '교육', '1', '번지에서', '벌이는', '서스펜스', '복수극', '!', '자식을', '지키기', '위해', '악녀가', '될', '수밖에', '없었던', '여자들의', '연대와', '복수를', '그린', '이야기', '!', '김소연', '유진', '이지아', '엄기준', '윤종훈', '신은경', '스릴러', '미스터리', '드라마', '가족', '복수', '부패', '상류사회', '여성중심', '욕심', '부정', '살인', '가족관계', '배신', '부부']"
30,괴물,16,15,괴물은 누구인가. 너인가. 나인가. 우리인가.’ 만양에서 펼쳐지는 괴물 같은 두 남자의 심리 추적 스릴러.,"신하균, 여진구, 최대훈, 김신록, 최성은, 최진호","스릴러,  미스터리,  심리,  드라마 ","단호한 남 주인공, 조사, 서스펜스, 살인, 억울하게 고발당함, 심리조작, 뇌섹남, 트라우마, 연쇄살인범, 집착","['괴물은', '누구인가', '너인가', '나인가', '우리인가', '’', '만양에서', '펼쳐지는', '괴물', '같은', '두', '남자의', '심리', '추적', '스릴러', '신하균', '여진구', '최대훈', '김신록', '최성은', '최진호', '스릴러', '미스터리', '심리', '드라마', '단호한', '남', '주인공', '조사', '서스펜스', '살인', '억울하게', '고발당함', '심리조작', '뇌섹남', '트라우마', '연쇄살인범', '집착']"
31,모범택시,16,19,"“정의가 실종된 사회, 전화 한 통이면 오케이” 베일에 가려진 택시회사 무지개 운수와 택시기사 김도기가 억울한 피해자를 대신해 복수를 완성하는 사적 복수 대행극","이지훈, 이솜, 김의성, 표예진, 차지연, 장혁진","액션,  스릴러,  미스터리,  드라마 ","웹툰기반, 택시, 강한남자, 조사, 비밀기구, 영리한 여성, 택시 운전자, 안티히어로, 침착남, 여성리더","['“', '정의가', '실종된', '사회', '전화', '한', '통이면', '오케이', '”', '베일에', '가려진', '택시회사', '무지개', '운수와', '택시기사', '김도기가', '억울한', '피해자를', '대신해', '복수를', '완성하는', '사적', '복수', '대행극', '이지훈', '이솜', '김의성', '표예진', '차지연', '장혁진', '액션', '스릴러', '미스터리', '드라마', '웹툰기반', '택시', '강한남자', '조사', '비밀기구', '영리한', '여성', '택시', '운전자', '안티히어로', '침착남', '여성리더']"
32,육룡이 나르샤,50,15,고려'라는 거악(巨惡)에 대항하여 고려를 끝장내기 위해 몸을 일으킨 여섯 인물의 이야기,"유아인, 김명민, 신세경, 변요한, 윤균상, 천호진","액션,  사극,  드라마,  정치 ","혁명, 권력투쟁, 정치적음모, 칼-싸움, 태종, 책략, 태조, 뇌섹남, 고려왕조, 브로맨스","['고려', '라는', '거악', '巨', '惡', '에', '대항하여', '고려를', '끝장내기', '위해', '몸을', '일으킨', '여섯', '인물의', '이야기', '유아인', '김명민', '신세경', '변요한', '윤균상', '천호진', '액션', '사극', '드라마', '정치', '혁명', '권력투쟁', '정치적음모', '칼', '싸움', '태종', '책략', '태조', '뇌섹남', '고려왕조', '브로맨스']"
33,손 The Guest,16,19,"한국 사회 곳곳에서 기이한 힘에 의해 벌어지는 범죄에 맞선 영매와 사제, 형사의 이야기를 그린 드라마","김동욱, 김재욱, 정은채, 이원종, 박호산, 안내상","스릴러,  미스터리,  호러,  초자연적인 ","엑소시즘, 죽음, 악마, 빙의, 샤머니즘, 살인, 초능력자, 여성리더, 성직자,여경찰","['한국', '사회', '곳곳에서', '기이한', '힘에', '의해', '벌어지는', '범죄에', '맞선', '영매와', '사제', '형사의', '이야기를', '그린', '드라마', '김동욱', '김재욱', '정은채', '이원종', '박호산', '안내상', '스릴러', '미스터리', '호러', '초자연적인', '엑소시즘', '죽음', '악마', '빙의', '샤머니즘', '살인', '초능력자', '여성리더', '성직자', '여경찰']"
34,라켓소년단,16,15,"배드민턴계의 아이돌을 꿈꾸는 라켓소년단의 소년체전 도전기이자, 땅끝마을 농촌에서 펼쳐지는 열여섯 소년소녀들의 레알 성장드라마","김상경, 오나라, 탕준상, 손상연, 최현욱, 김강훈","우정,  코미디,  청춘,  스포츠 ","함께사는, 하숙, 카리스마 여 주인공, 전설, 전원생활, 워킹맘, 운동선수, 거친 여 주인공, 거친 남 주인공, 배드민턴","['배드민턴계의', '아이돌을', '꿈꾸는', '라켓소년단의', '소년체전', '도전기이자', '땅끝마을', '농촌에서', '펼쳐지는', '열여섯', '소년소녀들의', '레알', '성장드라마', '김상경', '오나라', '탕준상', '손상연', '최현욱', '김강훈', '우정', '코미디', '청춘', '스포츠', '함께사는', '하숙', '카리스마', '여', '주인공', '전설', '전원생활', '워킹맘', '운동선수', '거친', '여', '주인공', '거친', '남', '주인공', '배드민턴']"
35,오월의 청춘,12,15,"1980년 5월, 역사의 소용돌이 한가운데 운명처럼 서로에게 빠져버린 희태와 명희의 아련한 봄 같은 사랑 이야기를 담은 레트로 휴먼 멜로드라마","이도현, 고민시, 이상이, 금새록, 오만석, 엄효섭","사극,  로맨스,  드라마,  멜로드라마 ","80년대, 간호사, 재력남과 가난한여자, 광주 시위, 의대생, 여성리더, 영리한 여성, 금지된 사랑, 함께할수없는연인, 매우 슬픈","['1980', '5', '월', '역사의', '소용돌이', '한가운데', '운명처럼', '서로에게', '빠져버린', '희태와', '명희의', '아련한', '봄', '같은', '사랑', '이야기를', '담은', '레트로', '휴먼', '멜로드라마', '이도현', '고민시', '이상이', '금새록', '오만석', '엄효섭', '사극', '로맨스', '드라마', '멜로드라마', '80', '년대', '간호사', '재력남과', '가난한여자', '광주', '시위', '의대생', '여성리더', '영리한', '여성', '금지된', '사랑', '함께할수없는연인', '매우', '슬픈']"
36,마우스,20,19,"자타 공인 바른 청년이자 동네 순경인 정바름과 어린 시절 살인마에게 부모를 잃고 복수를 향해 달려온 무법 형사 고무치가 사이코패스 중 상위 1퍼센트로 불리는 가장 악랄한 프레데터와 대치 끝, 운명이 송두리째 뒤바뀌는 모습을 그려낸 본격 인간 헌터 추적극","이승기, 이희준, 박주현, 경수진, 우지현, 안재욱","스릴러,  미스터리,  공상과학 ","사이코패스, 살인, 연쇄살인범, 조사, 캐릭터 개발, 탐정, 신경수술, 익스트림 폭력, 아동 성 학대, 회상","['자타', '공인', '바른', '청년이자', '동네', '순경인', '정바름과', '어린', '시절', '살인마에게', '부모를', '잃고', '복수를', '향해', '달려온', '무법', '형사', '고무치가', '사이코패스', '중', '상위', '1', '퍼센트로', '불리는', '가장', '악랄한', '프레데터와', '대치', '끝', '운명이', '송두리째', '뒤바뀌는', '모습을', '그려낸', '본격', '인간', '헌터', '추적극', '이승기', '이희준', '박주현', '경수진', '우지현', '안재욱', '스릴러', '미스터리', '공상과학', '사이코패스', '살인', '연쇄살인범', '조사', '캐릭터', '개발', '탐정', '신경수술', '익스트림', '폭력', '아동', '성', '학대', '회상']"
37,스위트홈,10,19,은둔형 외톨이 고등학생 현수가 가족을 잃고 이사 간 아파트에서 겪는 기괴하고도 충격적인 이야기,"송강, 이진욱, 이시영, 이도현, 김남희, 고민시","호러,  드라마,  공상과학,  초자연적인 ","괴물, 고어, 생존, 캐릭터 개발, 웹툰기반, 초자연현상 현상, 다수의 주인공, 트라우마, 학교폭력, 자살미수","['은둔형', '외톨이', '고등학생', '현수가', '가족을', '잃고', '이사', '간', '아파트에서', '겪는', '기괴하고도', '충격적인', '이야기', '송강', '이진욱', '이시영', '이도현', '김남희', '고민시', '호러', '드라마', '공상과학', '초자연적인', '괴물', '고어', '생존', '캐릭터', '개발', '웹툰기반', '초자연현상', '현상', '다수의', '주인공', '트라우마', '학교폭력', '자살미수']"
38,18 어게인,16,15,이혼 직전에 18년 전 리즈 시절로 돌아간 남편 이야기를 담은 드라마,"김하늘, 윤상현, 이도현, 노정의, 려운, 위하준","로맨스,  생존,  드라마,  판타지 ","두번째 기회, 성장,첫사랑, 과거로 떠남, 부자관계, 이혼, 리메이크, 부부, 열심히 일하는 여 주인공,부녀관계","['이혼', '직전에', '18', '전', '리즈', '시절로', '돌아간', '남편', '이야기를', '담은', '드라마', '김하늘', '윤상현', '이도현', '노정의', '려운', '위하준', '로맨스', '생존', '드라마', '판타지', '두번째', '기회', '성장', '첫사랑', '과거로', '떠남', '부자관계', '이혼', '리메이크', '부부', '열심히', '일하는', '여', '주인공', '부녀관계']"
39,시카고 타자기,16,15,"슬럼프에 빠진 베스트셀러 작가 세주와 그의 이름 뒤에 숨은 유령 작가 진오, 한 때 세주의 열혈 팬에서 안티 팬으로 돌변한 문인 덕후 전설, 그리고 의문의 오래된 '타자기'와 얽힌 세 남녀의 낭만적인 미스터리와 앤티크 로맨스의 만남","유아인, 임수정, 고경표, 곽시양, 조우진, 오나라","코미디,  로맨스,  초자연적인,  정치 ","환생, 찐한우정, 작가, 열심히 일하는 남 주인공, 열심히 일하는 여 주인공, 여성리더, 성공한 남주인공, 브로맨스, 회상, 절망적 과거","['슬럼프에', '빠진', '베스트셀러', '작가', '세주와', '그의', '이름', '뒤에', '숨은', '유령', '작가', '진오', '한', '때', '세주의', '열혈', '팬에서', '안티', '팬으로', '돌변한', '문인', '덕후', '전설', '그리고', '의문의', '오래된', '타자기', '와', '얽힌', '세', '남녀의', '낭만적인', '미스터리와', '앤티크', '로맨스의', '만남', '유아인', '임수정', '고경표', '곽시양', '조우진', '오나라', '코미디', '로맨스', '초자연적인', '정치', '환생', '찐한우정', '작가', '열심히', '일하는', '남', '주인공', '열심히', '일하는', '여', '주인공', '여성리더', '성공한', '남주인공', '브로맨스', '회상', '절망적', '과거']"
40,피고인,18,15,딸과 아내를 죽인 누명을 쓰고 사형수가 된 검사 '박정우'가 잃어버린 4개월의 시간을 기억해내기 위해 벌이는 투쟁 일지이자 악인 '차민호'를 상대로 벌이는 복수 스토리,"지성, 엄기준, 권유리, 오창석, 엄현경, 정동규","스릴러,  미스터리,  법정,  드라마 ","감옥, 살인, 기억상실증, 억울하게 고발당함, 성격 교환, 브로맨스, 죄수, 일란성 쌍둥이, 서스펜스, 착한 쌍둥이와 나쁜 쌍둥이","['딸과', '아내를', '죽인', '누명을', '쓰고', '사형수가', '된', '검사', '박정우', '가', '잃어버린', '4', '개월의', '시간을', '기억해내기', '위해', '벌이는', '투쟁', '일지이자', '악인', '차민호', '를', '상대로', '벌이는', '복수', '스토리', '지성', '엄기준', '권유리', '오창석', '엄현경', '정동규', '스릴러', '미스터리', '법정', '드라마', '감옥', '살인', '기억상실증', '억울하게', '고발당함', '성격', '교환', '브로맨스', '죄수', '일란성', '쌍둥이', '서스펜스', '착한', '쌍둥이와', '나쁜', '쌍둥이']"
41,당신이 잠든 사이에,32,15,"누군가에 닥칠 불행한 사건, 사고를 꿈으로 미리 볼 수 있는 여자와 그 꿈이 현실이 되는 것을 막기 위해 고군분투하는 검사의 이야기","배수지, 이종석, 정해인, 이상엽, 황영희, 신재하","미스터리,  로맨스,  드라마,  판타지 ","예지, 훈훈한 남자, 이웃, 살인, 절망적 과거, 어릴적 지인, 뇌섹남, 키스, 여성리더, 힐링","['누군가에', '닥칠', '불행한', '사건', '사고를', '꿈으로', '미리', '볼', '수', '있는', '여자와', '그', '꿈이', '현실이', '되는', '것을', '막기', '위해', '고군분투하는', '검사의', '이야기', '배수지', '이종석', '정해인', '이상엽', '황영희', '신재하', '미스터리', '로맨스', '드라마', '판타지', '예지', '훈훈한', '남자', '이웃', '살인', '절망적', '과거', '어릴적', '지인', '뇌섹남', '키스', '여성리더', '힐링']"
42,디어 마이 프렌즈,16,15,"""끝나지 않았다. 여전히 살아있다""고 외치는 '황혼 청춘'들의 인생 찬가를 그린 드라마","고현정, 김혜자, 나문희, 고두심, 박원숙, 윤여정","생존,  드라마,  가족,  멜로드라마 ","베프, 인생교훈, 여성중심, 노인, 모자관계, 모녀관계, 다수의 커플, 싱글맘, 시스맨스, 집안충돌","['끝나지', '않았다', '여전히', '살아있다', '고', '외치는', '황혼', '청춘', '들의', '인생', '찬가를', '그린', '드라마', '고현정', '김혜자', '나문희', '고두심', '박원숙', '윤여정', '생존', '드라마', '가족', '멜로드라마', '베프', '인생교훈', '여성중심', '노인', '모자관계', '모녀관계', '다수의', '커플', '싱글맘', '시스맨스', '집안충돌']"
43,낭만닥터 김사부 2,16,15,지방의 초라한 돌담병원을 배경으로 벌어지는 '진짜 닥터' 이야기,"한석규, 안효섭, 이성경, 김주헌, 신동욱, 소주연","로맨스,  드라마,  의학,  멜로드라마 ","병원, 뇌섹남, 캐릭터 개발, 부부싸움, 애증, 영리한 여성, 열심히 일하는 여 주인공, 간호사, 힐링, 안절부절못하는 여주인공","['지방의', '초라한', '돌담병원을', '배경으로', '벌어지는', '진짜', '닥터', '이야기', '한석규', '안효섭', '이성경', '김주헌', '신동욱', '소주연', '로맨스', '드라마', '의학', '멜로드라마', '병원', '뇌섹남', '캐릭터', '개발', '부부싸움', '애증', '영리한', '여성', '열심히', '일하는', '여', '주인공', '간호사', '힐링', '안절부절못하는', '여주인공']"
44,"킬미, 힐미",20,15,"다중인격장애를 소재로, 일곱 개의 인격을 가진 재벌 3세와 그의 비밀주치의가 된 레지던트 1년 차 여의사의 버라이어티한 로맨스를 그린 힐링 로맨틱코미디 드라마","지성, 황정음, 박서준, 김유리, 오민석, 김영애","심리,  코미디,  로맨스,  드라마 ","해리성 정체성 장애, 트라우마, 상사직원관계, 부자남성리드, 정신건강, 정신의학, 착한남주인공, 못된 남주인공, 재력남과 가난한여자","['다중인격장애를', '소재로', '일곱', '개의', '인격을', '가진', '재벌', '3', '세와', '그의', '비밀주치의가', '된', '레지던트', '1', '차', '여의사의', '버라이어티한', '로맨스를', '그린', '힐링', '로맨틱코미디', '드라마', '지성', '황정음', '박서준', '김유리', '오민석', '김영애', '심리', '코미디', '로맨스', '드라마', '해리성', '정체성', '장애', '트라우마', '상사직원관계', '부자남성리드', '정신건강', '정신의학', '착한남주인공', '못된', '남주인공', '재력남과', '가난한여자']"
45,아스달 연대기 part2,6,15,태고의 땅 '아스'에서 서로 다른 전설을 써가는 영웅들의 운명적 이야기,"송중기, 김지원, 장동건, 김옥빈, 조성하, 박해준","사극,  로맨스,  판타지,  정치 ","쌍둥이, 전쟁, 권력투쟁, 복수, 노예제도, 착한 쌍둥이와 나쁜 쌍둥이, 여성리더, 캐릭터 개발,부녀관계, 형제","['태고의', '땅', '아스', '에서', '서로', '다른', '전설을', '써가는', '영웅들의', '운명적', '이야기', '송중기', '김지원', '장동건', '김옥빈', '조성하', '박해준', '사극', '로맨스', '판타지', '정치', '쌍둥이', '전쟁', '권력투쟁', '복수', '노예제도', '착한', '쌍둥이와', '나쁜', '쌍둥이', '여성리더', '캐릭터', '개발', '부녀관계', '형제']"
46,미생,20,15,"바둑이 인생의 모든 것이었던 장그래가 프로입단에 실패한 후, 냉혹한 현실에 던져지면서 벌어지는 이야기를 그린 드라마","임시완, 이성민, 강소라, 강하늘, 변요한, 김대명","우정,  경제,  생존,  드라마 ","사무직, 직장 학대, 팀워크, 웹툰기반, 열심히 일하는 남 주인공, 직장, 영리한 여성, 여성리더, 훈훈한 남자, 열심히 일하는 여 주인공","['바둑이', '인생의', '모든', '것이었던', '장그래가', '프로입단에', '실패한', '후', '냉혹한', '현실에', '던져지면서', '벌어지는', '이야기를', '그린', '드라마', '임시완', '이성민', '강소라', '강하늘', '변요한', '김대명', '우정', '경제', '생존', '드라마', '사무직', '직장', '학대', '팀워크', '웹툰기반', '열심히', '일하는', '남', '주인공', '직장', '영리한', '여성', '여성리더', '훈훈한', '남자', '열심히', '일하는', '여', '주인공']"
47,아스달 연대기 part3,6,15,태고의 땅 '아스'에서 서로 다른 전설을 써가는 영웅들의 운명적 이야기,"송중기, 김지원, 장동건, 김옥빈, 김성철, 카라타 에리카","사극,  로맨스,  판타지,  정치 ","권력투쟁, 전쟁, 초자연적 능력, 여성리더, 일란성 쌍둥이, 저주, 복수, 초인적인 힘, 미리생성된, 형제","['태고의', '땅', '아스', '에서', '서로', '다른', '전설을', '써가는', '영웅들의', '운명적', '이야기', '송중기', '김지원', '장동건', '김옥빈', '김성철', '카라타', '에리카', '사극', '로맨스', '판타지', '정치', '권력투쟁', '전쟁', '초자연적', '능력', '여성리더', '일란성', '쌍둥이', '저주', '복수', '초인적인', '힘', '미리생성된', '형제']"
48,마이 네임,8,19,아버지를 죽인 범인을 찾기 위해 조직에 들어간 ‘지우’가 새로운 이름으로 경찰에 잠입한 후 마주하는 냉혹한 진실과 복수를 그린 넷플릭스 시리즈,"한소희, 박희순 , 안보현, 이학주, 김상호, 장률","액션,  스릴러,  범죄 ","복수, 위장 대리인, 여성리더, 이중인격, 범죄두목, 갱, 느와르, 강한남자, 약물, 죽음","['아버지를', '죽인', '범인을', '찾기', '위해', '조직에', '들어간', '‘', '지우', '’', '가', '새로운', '이름으로', '경찰에', '잠입한', '후', '마주하는', '냉혹한', '진실과', '복수를', '그린', '넷플릭스', '시리즈', '한소희', '박희순', '안보현', '이학주', '김상호', '장률', '액션', '스릴러', '범죄', '복수', '위장', '대리인', '여성리더', '이중인격', '범죄두목', '갱', '느와르', '강한남자', '약물', '죽음']"
49,호텔델루나,16,15,엘리트 호텔리어가 운명적인 사건으로 호텔 델루나의 지배인을 맡게 되면서 달처럼 고고하고 아름답지만 괴팍한 사장과 함께 델루나를 운영하며 생기는 특별한 이야기,"아이유, 여진구, 신정근, 배해선, 피오, 조현철","호러,  코미디,  로맨스,  판타지","상사직원관계, 불멸, 여성리더, 유령, 유령을 보는 남주인공, 초자연현상, 호텔, 부자여성, 훈훈한 남자, 찐한우정","['엘리트', '호텔리어가', '운명적인', '사건으로', '호텔', '델루나의', '지배인을', '맡게', '되면서', '달처럼', '고고하고', '아름답지만', '괴팍한', '사장과', '함께', '델루나를', '운영하며', '생기는', '특별한', '이야기', '아이유', '여진구', '신정근', '배해선', '피오', '조현철', '호러', '코미디', '로맨스', '판타지', '상사직원관계', '불멸', '여성리더', '유령', '유령을', '보는', '남주인공', '초자연현상', '호텔', '부자여성', '훈훈한', '남자', '찐한우정']"
50,낭만닥터 김사부,20,15,지방의 초라한 돌담병원을 배경으로 벌어지는 '진짜 닥터' 이야기,"한석규, 유연석, 서현진, 최진호, 양세종, 장혁진","로맨스,  드라마,  의학 ","수술, 강한남자, 뇌섹남, 강한 여주인공, 열심히 일하는 여 주인공, 열심히 일하는 남 주인공, 캐릭터 개발, 영리한 여성, 상사직원관계, 서서히 타오르는 로맨스","['지방의', '초라한', '돌담병원을', '배경으로', '벌어지는', '진짜', '닥터', '이야기', '한석규', '유연석', '서현진', '최진호', '양세종', '장혁진', '로맨스', '드라마', '의학', '수술', '강한남자', '뇌섹남', '강한', '여주인공', '열심히', '일하는', '여', '주인공', '열심히', '일하는', '남', '주인공', '캐릭터', '개발', '영리한', '여성', '상사직원관계', '서서히', '타오르는', '로맨스']"
51,열혈사제,40,15,다혈질 가톨릭 사제와 구담경찰서 대표 형사가 한 살인사건으로 만나 공조 수사에 들어가는 이야기,"김남길, 김성현, 이하늬, 고준, 금새록, 전성우","액션,  미스터리,  코미디,  범죄 ","마초 남주인공, 성직자, 독특한 남 주인공, 엽기적인 여주인공, 브로맨스, 공격적인 남주인공, 교회, 찐한우정, PTSD, 시스맨스","['다혈질', '가톨릭', '사제와', '구담경찰서', '대표', '형사가', '한', '살인사건으로', '만나', '공조', '수사에', '들어가는', '이야기', '김남길', '김성현', '이하늬', '고준', '금새록', '전성우', '액션', '미스터리', '코미디', '범죄', '마초', '남주인공', '성직자', '독특한', '남', '주인공', '엽기적인', '여주인공', '브로맨스', '공격적인', '남주인공', '교회', '찐한우정', 'PTSD', '시스맨스']"
52,달의 연인 - 보보경심 려,20,15,"달그림자가 태양을 검게 물들인 날. 상처 입은 짐승 같은 사내, 4황자 '왕소'와 21세기 여인 '고하진'의 영혼이 미끄러져 들어간 고려 소녀 '해수'가 천 년의 시공간을 초월해 만난다.","이준기, 아이유, 강하늘, 홍종현, 남주혁, 변백현","사극,  로맨스,  멜로드라마 ","고려왕조, 권력투쟁, 경쟁하는 형제, 매우 슬픈, 소설기반, 시간 여행, 죽음, 광종, 역하렘, 집착","['달그림자가', '태양을', '검게', '물들인', '날', '상처', '입은', '짐승', '같은', '사내', '4', '황자', '왕소', '와', '21', '세기', '여인', '고하진', '의', '영혼이', '미끄러져', '들어간', '고려', '소녀', '해수', '가', '천', '년의', '시공간을', '초월해', '만난다', '이준기', '아이유', '강하늘', '홍종현', '남주혁', '변백현', '사극', '로맨스', '멜로드라마', '고려왕조', '권력투쟁', '경쟁하는', '형제', '매우', '슬픈', '소설기반', '시간', '여행', '죽음', '광종', '역하렘', '집착']"
53,태양의 후예,16,15,낯선 땅 극한의 환경 속에서 사랑과 성공을 꿈꾸는 젊은 군인과 의사들을 통해 삶의 가치를 담아낼 블록버스터급 휴먼 멜로 드라마,"송중기, 송혜교, 진구, 김지원, 이승준, 서정연","액션,  코미디,  로맨스,  멜로드라마 ","군인, 열심히 일하는 여 주인공, 다수의 커플, 브로맨스, 열심히 일하는 남 주인공, 매력적인 남주인공, 총기사용, 해외촬영, 우정, 찐한우정","['낯선', '땅', '극한의', '환경', '속에서', '사랑과', '성공을', '꿈꾸는', '젊은', '군인과', '의사들을', '통해', '삶의', '가치를', '담아낼', '블록버스터급', '휴먼', '멜로', '드라마', '송중기', '송혜교', '진구', '김지원', '이승준', '서정연', '액션', '코미디', '로맨스', '멜로드라마', '군인', '열심히', '일하는', '여', '주인공', '다수의', '커플', '브로맨스', '열심히', '일하는', '남', '주인공', '매력적인', '남주인공', '총기사용', '해외촬영', '우정', '찐한우정']"
54,스토브리그,16,15,팬들의 눈물마저 마른 꼴찌팀에 새로 부임한 단장이 남다른 시즌을 준비하는 뜨거운 겨울 이야기,"남궁민, 박은빈, 조병규, 오정세, 송종학, 김도현","드라마,  스포츠,  멜로드라마 ","열심히 일하는 여 주인공, 야구, 열심히 일하는 남 주인공, 직장, 팀워크, 매니저, 부패, 성공한 남주인공, 거친 남 주인공, 침착남","['팬들의', '눈물마저', '마른', '꼴찌팀에', '새로', '부임한', '단장이', '남다른', '시즌을', '준비하는', '뜨거운', '겨울', '이야기', '남궁민', '박은빈', '조병규', '오정세', '송종학', '김도현', '드라마', '스포츠', '멜로드라마', '열심히', '일하는', '여', '주인공', '야구', '열심히', '일하는', '남', '주인공', '직장', '팀워크', '매니저', '부패', '성공한', '남주인공', '거친', '남', '주인공', '침착남']"
55,힘쎈여자 도봉순,16,15,선천적으로 어마무시한 괴력을 타고난 도봉순이 세상 어디에도 본 적 없는 똘끼충만한 안민혁과 정의감에 불타는 인국두를 만나면서 벌어지는 세 남녀의 힘겨루기 로맨스,"박보영, 박형식, 김지수, 전석호, 심혜진, 유재명","액션,  스릴러,  코미디,  로맨스,  드라마,  초자연적인 ","여성리더, 여주인공 액션신, 삼각관계, 초인적인 힘, 강한 여주인공, 게임개발자, 갱스터, 훈훈한 남자, 보디가드, 직장","['선천적으로', '어마무시한', '괴력을', '타고난', '도봉순이', '세상', '어디에도', '본', '적', '없는', '똘끼충만한', '안민혁과', '정의감에', '불타는', '인국두를', '만나면서', '벌어지는', '세', '남녀의', '힘겨루기', '로맨스', '박보영', '박형식', '김지수', '전석호', '심혜진', '유재명', '액션', '스릴러', '코미디', '로맨스', '드라마', '초자연적인', '여성리더', '여주인공', '액션신', '삼각관계', '초인적인', '힘', '강한', '여주인공', '게임개발자', '갱스터', '훈훈한', '남자', '보디가드', '직장']"
56,로스쿨,16,15,"대한민국 최고의 명문 로스쿨 교수와 학생들이 전대미문의 사건에 얽히게 되면서 펼쳐지는 캠퍼스 미스터리와 더불어, 피, 땀, 눈물의 살벌한 로스쿨 생존기를 통해 예비 법조인들이 진정과 법과 정의를 깨닫는 과정을 담은 드라마","김명민, 김범, 류혜영, 이정은, 이수경, 이다윗","미스터리,  법정,  범죄,  드라마 ","뇌섹남, 학교, 학생, 대학교, 죽음, 열심히 일하는 여 주인공, 부자남성리드, 법 학생, 캠퍼스라이프, 훈훈한 남자","['대한민국', '최고의', '명문', '로스쿨', '교수와', '학생들이', '전대미문의', '사건에', '얽히게', '되면서', '펼쳐지는', '캠퍼스', '미스터리와', '더불어', '피', '땀', '눈물의', '살벌한', '로스쿨', '생존기를', '통해', '예비', '법조인들이', '진정과', '법과', '정의를', '깨닫는', '과정을', '담은', '드라마', '김명민', '김범', '류혜영', '이정은', '이수경', '이다윗', '미스터리', '법정', '범죄', '드라마', '뇌섹남', '학교', '학생', '대학교', '죽음', '열심히', '일하는', '여', '주인공', '부자남성리드', '법', '학생', '캠퍼스라이프', '훈훈한', '남자']"
57,라이브,18,15,전국에서 제일 바쁜 '홍일 지구대'에 근무하며 일상의 소소한 가치와 정의를 지키기 위해 밤낮없이 바쁘게 뛰며 사건을 해결하는 지구대 경찰들의 이야기,"신혜선, 김정현, 배종옥, 김태우, 조윤희, 설인아","우정,  코미디,  로맨스,  범죄 ","팀워크, 폭력, 찐한우정, 삶의 조각,여경찰, 여성리더, 영리한 여성, 구애하는, 강간, 훈훈한 남자","['전국에서', '제일', '바쁜', '홍일', '지구대', '에', '근무하며', '일상의', '소소한', '가치와', '정의를', '지키기', '위해', '밤낮없이', '바쁘게', '뛰며', '사건을', '해결하는', '지구대', '경찰들의', '이야기', '신혜선', '김정현', '배종옥', '김태우', '조윤희', '설인아', '우정', '코미디', '로맨스', '범죄', '팀워크', '폭력', '찐한우정', '삶의', '조각', '여경찰', '여성리더', '영리한', '여성', '구애하는', '강간', '훈훈한', '남자']"
58,터널,16,15,1980년대 여성 연쇄 살인사건의 범인을 찾던 주인공이 2017년으로 타임슬립. 과거와 현재의 연결고리를 발견하며  다시 시작된 30년 전 연쇄 살인사건을 해결해나가는 범죄 수사물,"최진혁, 윤현민, 이유영, 조희봉, 김병철, 강기영","스릴러,  미스터리,  SF,  판타지 ","시간 여행, 살인, 프로파일러, 연쇄살인범, 브로맨스, 열심히 일하는 남 주인공, 숨겨진 정체, 여성리더, 캐릭터 개발, 약간의 로맨스","['1980', '년대', '여성', '연쇄', '살인사건의', '범인을', '찾던', '주인공이', '2017', '년으로', '타임슬립', '과거와', '현재의', '연결고리를', '발견하며', '다시', '시작된', '30', '전', '연쇄', '살인사건을', '해결해나가는', '범죄', '수사물', '최진혁', '윤현민', '이유영', '조희봉', '김병철', '강기영', '스릴러', '미스터리', 'SF', '판타지', '시간', '여행', '살인', '프로파일러', '연쇄살인범', '브로맨스', '열심히', '일하는', '남', '주인공', '숨겨진', '정체', '여성리더', '캐릭터', '개발', '약간의', '로맨스']"
59,타인은 지옥이다,10,15,상경한 청년이 서울의 낯선 고시원 생활 속에서 타인이 만들어낸 지옥을 경험하는 미스터리,"임시완, 이동욱, 이정은, 안은진, 박종환, 이중옥","스릴러,  호러,  심리,  드라마 ","웹툰기반, 살인, 가스라이팅, 정신병, 정신적고통, 호스텔, 트라우마, 고문, 사이코패스","['상경한', '청년이', '서울의', '낯선', '고시원', '생활', '속에서', '타인이', '만들어낸', '지옥을', '경험하는', '미스터리', '임시완', '이동욱', '이정은', '안은진', '박종환', '이중옥', '스릴러', '호러', '심리', '드라마', '웹툰기반', '살인', '가스라이팅', '정신병', '정신적고통', '호스텔', '트라우마', '고문', '사이코패스']"
60,괜찮아 사랑이야,16,15,작은 외상에는 병적으로 집착하며 호들갑을 떨지만 마음의 병은 짊어지고 살아가는 현대인들의 삶과 사랑을 되짚어보는 이야기,"조인성, 공효진, 성동일, 이광수, 진경, 이성경","심리,  코미디,  로맨스,  드라마","여성리더, 정신의학, 정신건강, 트라우마, 매력적인 남주인공, 힐링, 중년로맨스, 멜로드라마, 동거, 동거인","['작은', '외상에는', '병적으로', '집착하며', '호들갑을', '떨지만', '마음의', '병은', '짊어지고', '살아가는', '현대인들의', '삶과', '사랑을', '되짚어보는', '이야기', '조인성', '공효진', '성동일', '이광수', '진경', '이성경', '심리', '코미디', '로맨스', '드라마', '여성리더', '정신의학', '정신건강', '트라우마', '매력적인', '남주인공', '힐링', '중년로맨스', '멜로드라마', '동거', '동거인']"
61,으라차차 와이키키,20,15,망할 위기에 처한 게스트하우스 와이키키에서 펼치는 청춘 드라마,"김정현, 이이경, 손승원, 정인선, 고원희, 이주우","코미디,  생존,  청춘,  드라마 ","동거인, 브로맨스, 친구에서 연인, 모성애, 동거, 육아, 싱글맘, 배우, 부랄친구, 서브커플","['망할', '위기에', '처한', '게스트하우스', '와이키키에서', '펼치는', '청춘', '드라마', '김정현', '이이경', '손승원', '정인선', '고원희', '이주우', '코미디', '생존', '청춘', '드라마', '동거인', '브로맨스', '친구에서', '연인', '모성애', '동거', '육아', '싱글맘', '배우', '부랄친구', '서브커플']"
62,각시탈,28,15,삶에 지친 우리들에게 시원한 한방을 선사할 한국판 슈퍼히어로 각시탈의 대활약을 그려낼 드라마. 이름없는 영웅의 운명을 택했기에 목숨 같은 사랑을 버려야 했던 남자. 그리고 그를 지키려 했던 여자의 영영 사무칠 애절한 사랑 이야기,"주원, 진세연, 박기웅, 한채아, 신현준, 천호진","액션,  사극,  로맨스,  정치 ","일제강점, 숨겨진 정체, 복수, 반란, 살인, 삼각관계,만화기반, 조사, 드라마, 칼-싸움","['삶에', '지친', '우리들에게', '시원한', '한방을', '선사할', '한국판', '슈퍼히어로', '각시탈의', '대활약을', '그려낼', '드라마', '이름없는', '영웅의', '운명을', '택했기에', '목숨', '같은', '사랑을', '버려야', '했던', '남자', '그리고', '그를', '지키려', '했던', '여자의', '영영', '사무칠', '애절한', '사랑', '이야기', '주원', '진세연', '박기웅', '한채아', '신현준', '천호진', '액션', '사극', '로맨스', '정치', '일제강점', '숨겨진', '정체', '복수', '반란', '살인', '삼각관계', '만화기반', '조사', '드라마', '칼', '싸움']"
63,검법남녀 2,32,15,"범죄는 진화했고, 공조는 진보했다. 까칠법의학자, 열혈신참검사, 베테랑검사의 돌아온 리얼공조! '검법남녀 시즌2'","정재영, 정유미, 오만석, 노민우, 강승현, 박준규","미스터리,  법,  드라마,  의학 ","법의학, 검사여주인공, 남자의사, 부자여성, 죽음, 살인, 조사","['범죄는', '진화했고', '공조는', '진보했다', '까칠법의학자', '열혈신참검사', '베테랑검사의', '돌아온', '리얼공조', '!', '검법남녀', '시즌', '2', '정재영', '정유미', '오만석', '노민우', '강승현', '박준규', '미스터리', '법', '드라마', '의학', '법의학', '검사여주인공', '남자의사', '부자여성', '죽음', '살인', '조사']"
64,대장금,54,13,주인공 장금이가 궁궐에 들어가 최초 어의녀가 되기까지의 과정을 그려낸 드라마,"이영애, 지진희, 홍리나, 임호, 양미경, 견미리","음식,  사극,  로맨스,  의학 ","요리, 여성리더, 왕실예절, 조선왕조, 왕궁 요리사,의사 여 주인공, 믿음직한 남주인공, 영리한 여성, 멜로드라마, 드라마","['주인공', '장금이가', '궁궐에', '들어가', '최초', '어의녀가', '되기까지의', '과정을', '그려낸', '드라마', '이영애', '지진희', '홍리나', '임호', '양미경', '견미리', '음식', '사극', '로맨스', '의학', '요리', '여성리더', '왕실예절', '조선왕조', '왕궁', '요리사', '의사', '여', '주인공', '믿음직한', '남주인공', '영리한', '여성', '멜로드라마', '드라마']"
65,아버지가 이상해,52,15,"평생을 가족밖에 모르고 살아온 성실한 아버지 한수와 든든한 아내 영실, 개성만점 4남매 집안에 어느 날 안하무인 아이돌 출신 배우가 얹혀살며 벌어지는 코믹하고 따뜻한 가족드라마","김영철, 김해숙, 류수영, 이유리, 이준, 정소민","코미디,  로맨스,  드라마,  가족 ","출생의 비밀, 시스터후드, 별난여성, 가짜 근친관계, 다수의 커플, 여성리더,부녀관계, 모녀관계, 모자관계, 부자관계","['평생을', '가족밖에', '모르고', '살아온', '성실한', '아버지', '한수와', '든든한', '아내', '영실', '개성만점', '4', '남매', '집안에', '어느', '날', '안하무인', '아이돌', '출신', '배우가', '얹혀살며', '벌어지는', '코믹하고', '따뜻한', '가족드라마', '김영철', '김해숙', '류수영', '이유리', '이준', '정소민', '코미디', '로맨스', '드라마', '가족', '출생의', '비밀', '시스터후드', '별난여성', '가짜', '근친관계', '다수의', '커플', '여성리더', '부녀관계', '모녀관계', '모자관계', '부자관계']"
66,붉은 달 푸른 해,32,15,"의문의 아이, 의문의 사건과 마주한 한 여자가 시(詩)를 단서로 진실을 추적하는 미스터리 스릴러","김선아, 이이경, 남규리, 엔, 주석태, 나영희","스릴러,  미스터리,  심리,  범죄,  드라마 ","트라우마, 아동학대, 영리한 여성, 아동 행동문제, 학대, 살인, 비극적인 과거, 정신의학, 아동유기,가정폭력","['의문의', '아이', '의문의', '사건과', '마주한', '한', '여자가', '시', '詩', '를', '단서로', '진실을', '추적하는', '미스터리', '스릴러', '김선아', '이이경', '남규리', '엔', '주석태', '나영희', '스릴러', '미스터리', '심리', '범죄', '드라마', '트라우마', '아동학대', '영리한', '여성', '아동', '행동문제', '학대', '살인', '비극적인', '과거', '정신의학', '아동유기', '가정폭력']"
67,고백부부,12,15,결혼을 후회하는 부부의 전쟁 같은 리얼 인생 체인지 드라마,"이보영, 허율, 이혜영, 고성희, 이재윤, 고보결","코미디,  로맨스,  생존,  학교,  드라마,  가족,  초자연적인 ","시간 여행, 애증, 결혼, 모녀관계, 오해, 90년대, 실패한 결혼생활, 부부, 엽기적인 여주인공, 시스맨스","['결혼을', '후회하는', '부부의', '전쟁', '같은', '리얼', '인생', '체인지', '드라마', '이보영', '허율', '이혜영', '고성희', '이재윤', '고보결', '코미디', '로맨스', '생존', '학교', '드라마', '가족', '초자연적인', '시간', '여행', '애증', '결혼', '모녀관계', '오해', '90', '년대', '실패한', '결혼생활', '부부', '엽기적인', '여주인공', '시스맨스']"
68,김과장,20,15,"돈에 대한 천부적인 촉을 가진 ‘삥땅 전문 경리과장’ 김성룡이 더 큰 한탕을 위해 TQ그룹에 필사적으로 입사하지만, 아이러니하게도 부정과 불합리와 싸우며, 무너져가는 회사를 살리는 오피스 코미디 드라마","이지훈, 김혜수, 조진웅, 김원해, 이유준, 장현성","경제,  코미디,  범죄,  드라마 ","독특한 남 주인공, 부패, 브로맨스, 사회풍자, 뇌섹남, 복수, 회계사, 적의 함정, 영리한 여성, 여성리더","['돈에', '대한', '천부적인', '촉을', '가진', '‘', '삥땅', '전문', '경리과장', '’', '김성룡이', '더', '큰', '한탕을', '위해', 'TQ', '그룹에', '필사적으로', '입사하지만', '아이러니하게도', '부정과', '불합리와', '싸우며', '무너져가는', '회사를', '살리는', '오피스', '코미디', '드라마', '이지훈', '김혜수', '조진웅', '김원해', '이유준', '장현성', '경제', '코미디', '범죄', '드라마', '독특한', '남', '주인공', '부패', '브로맨스', '사회풍자', '뇌섹남', '복수', '회계사', '적의', '함정', '영리한', '여성', '여성리더']"
69,비밀의 숲 2,16,15,"""침묵을 원하는 자, 모두가 공범이다."" 검경수사권 조정 최전선의 대척점에서 다시 만난 고독한 검사 황시목과 행동파 형사 한여진이 은폐된 사건들의 진실로 다가가는 내부 비밀 추적극","조승우, 배두나, 전혜진, 최무성, 이준혁, 윤세아","스릴러,  미스터리,  법정,  드라마 ","부패, 침착남, 뇌섹남, 서스펜스, 무덤덤한 감성, 권력투쟁, 여성리더, 강한남자,여경찰, 감정표현불능증 ","['침묵을', '원하는', '자', '모두가', '공범이다', '.""', '검경수사권', '조정', '최전선의', '대척점에서', '다시', '만난', '고독한', '검사', '황시목과', '행동파', '형사', '한여진이', '은폐된', '사건들의', '진실로', '다가가는', '내부', '비밀', '추적극', '조승우', '배두나', '전혜진', '최무성', '이준혁', '윤세아', '스릴러', '미스터리', '법정', '드라마', '부패', '침착남', '뇌섹남', '서스펜스', '무덤덤한', '감성', '권력투쟁', '여성리더', '강한남자', '여경찰', '감정표현불능증']"
70,별에서 온 그대,21,15,400년 전 지구에 떨어진 외계남 도민준과 왕싸가지 한류여신 톱스타 천송이의 기적과도 같은 달콤 발랄 로맨스,"김수현, 서예지, 오정세, 박규영, 장영남, 김창완","코미디,  로맨스,  드라마,  초자연적인 ","외계인, 이종로맨스, 인기 여배우, 유명인, 교수, 엽기적인 여주인공, 초인적인 힘, 시간조작, 온라인 따돌림, 함께할수없는연인","['400', '전', '지구에', '떨어진', '외계남', '도민준과', '왕싸가지', '한류여신', '톱스타', '천송이의', '기적과도', '같은', '달콤', '발랄', '로맨스', '김수현', '서예지', '오정세', '박규영', '장영남', '김창완', '코미디', '로맨스', '드라마', '초자연적인', '외계인', '이종로맨스', '인기', '여배우', '유명인', '교수', '엽기적인', '여주인공', '초인적인', '힘', '시간조작', '온라인', '따돌림', '함께할수없는연인']"
71,기황후,51,15,원나라의 지배자로 군림하는 고려 여인의 사랑과 투쟁을 다룬 이야기,"하지원, 지창욱, 주진모, 백진희, 김지한, 김서형","사극,  로맨스,  멜로드라마,  정치 ","영리한 여성, 여성리더, 권력투쟁, 소유욕있는 남주인공, 삼각관계,여전사, 원왕조, 복수, 크로스드레싱, 고려왕조","['원나라의', '지배자로', '군림하는', '고려', '여인의', '사랑과', '투쟁을', '다룬', '이야기', '하지원', '지창욱', '주진모', '백진희', '김지한', '김서형', '사극', '로맨스', '멜로드라마', '정치', '영리한', '여성', '여성리더', '권력투쟁', '소유욕있는', '남주인공', '삼각관계', '여전사', '원왕조', '복수', '크로스드레싱', '고려왕조']"
72,청춘시대,12,15,"외모부터 성격, 전공, 남자 취향, 연애 스타일까지 모두 다른 5명의 매력적인 청춘들이 셰어하우스 벨에포크에 모여 살며 벌어지는 청춘셰어라이프, 1년 후","한예리, 류화영, 박은빈, 한승연, 박혜수, 윤박","우정,  로맨스,  생존,  청춘 ","동거인, 여성중심, 시스맨스, 다수의 주인공, 대학생활, 성년, 여성리더, 강한 여주인공, 열심히 일하는 여 주인공, 다수의 커플","['외모부터', '성격', '전공', '남자', '취향', '연애', '스타일까지', '모두', '다른', '5', '명의', '매력적인', '청춘들이', '셰어하우스', '벨에포크에', '모여', '살며', '벌어지는', '청춘셰어라이프', '1', '후', '한예리', '류화영', '박은빈', '한승연', '박혜수', '윤박', '우정', '로맨스', '생존', '청춘', '동거인', '여성중심', '시스맨스', '다수의', '주인공', '대학생활', '성년', '여성리더', '강한', '여주인공', '열심히', '일하는', '여', '주인공', '다수의', '커플']"
73,쌍갑포차,12,15,까칠한 포차 이모님과 순수청년 알바생이 손님들의 꿈속에 들어가 맺힌 한을 풀어주는 오리엔탈 판타지 카운슬링 드라마,"황정음, 육성재, 최원영, 정다은, 이준혁, 나인우","미스터리,  코미디,  가족,  판타지 ","사후세계, 절망적 과거, 원한,다혈질 여 주인공, 영혼, 웹툰기반, 특별한 힘, 가족관계, 회상, 음식","['까칠한', '포차', '이모님과', '순수청년', '알바생이', '손님들의', '꿈속에', '들어가', '맺힌', '한을', '풀어주는', '오리엔탈', '판타지', '카운슬링', '드라마', '황정음', '육성재', '최원영', '정다은', '이준혁', '나인우', '미스터리', '코미디', '가족', '판타지', '사후세계', '절망적', '과거', '원한', '다혈질', '여', '주인공', '영혼', '웹툰기반', '특별한', '힘', '가족관계', '회상', '음식']"
74,무정도시,20,15,마약 조직 해체를 위해 분투하는 경찰과 거대 마약 조직의 대결을 중심으로 인간의 욕망과 고뇌를 그린 드라마,"정경호, 남규리, 이재윤, 손창민, 김유미, 최무성","액션, 스릴러, 로맨스, 범죄","마초 남주인공, 갱, 브로맨스, 여성리더, 갱스터, 강한남자, 뇌섹남, 시스맨스, 진한 키스, 마약거래상","['마약', '조직', '해체를', '위해', '분투하는', '경찰과', '거대', '마약', '조직의', '대결을', '중심으로', '인간의', '욕망과', '고뇌를', '그린', '드라마', '정경호', '남규리', '이재윤', '손창민', '김유미', '최무성', '액션', '스릴러', '로맨스', '범죄', '마초', '남주인공', '갱', '브로맨스', '여성리더', '갱스터', '강한남자', '뇌섹남', '시스맨스', '진한', '키스', '마약거래상']"
75,365,24,15,"""1년 전 과거에서 뵙겠습니다."" 완벽한 인생을 꿈꾸며 1년 전으로 돌아간 순간, 더 알 수 없는 운명에 갇혀 버린 자들의 미스터리 생존 게임","이준혁, 남지현, 김지수, 이성욱, 윤주상, 안승균","스릴러, 미스터리, 드라마, 판타지","여성리더, 시간 여행, 훈훈한 남자, 서스펜스, 살인, 탐정, 운명, 초자연현상, 사고, 웹툰작가","['1', '전', '과거에서', '뵙겠습니다', '.""', '완벽한', '인생을', '꿈꾸며', '1', '전으로', '돌아간', '순간', '더', '알', '수', '없는', '운명에', '갇혀', '버린', '자들의', '미스터리', '생존', '게임', '이준혁', '남지현', '김지수', '이성욱', '윤주상', '안승균', '스릴러', '미스터리', '드라마', '판타지', '여성리더', '시간', '여행', '훈훈한', '남자', '서스펜스', '살인', '탐정', '운명', '초자연현상', '사고', '웹툰작가']"
76,"60일, 지정생존자",16,15,갑작스러운 국회의사당 폭탄 테러로 대통령을 잃은 대한민국에서 환경부 장관 박무진이 60일간의 대통령 권한대행으로 지정되면서 테러의 배후를 찾아내고 가족과 나라를 지키며 성장하는 이야기,"지진희, 손석구, 강한나, 허준호, 이준혁, 최윤영","스릴러, 미스터리, 드라마, 정치","권력투쟁, 음모, 청와대, 거짓말, 테러리즘, 속임수, 국가정보원, 국회, 죽음","['갑작스러운', '국회의사당', '폭탄', '테러로', '대통령을', '잃은', '대한민국에서', '환경부', '장관', '박무진이', '60', '일간의', '대통령', '권한대행으로', '지정되면서', '테러의', '배후를', '찾아내고', '가족과', '나라를', '지키며', '성장하는', '이야기', '지진희', '손석구', '강한나', '허준호', '이준혁', '최윤영', '스릴러', '미스터리', '드라마', '정치', '권력투쟁', '음모', '청와대', '거짓말', '테러리즘', '속임수', '국가정보원', '국회', '죽음']"
77,그냥 사랑하는 사이,16,15,붕괴사고에서 극적으로 살아남은 두 남녀가 서로의 상처를 보듬어가는 과정을 그린 멜로 드라마,"이준호, 원진아, 이기우, 강한나, 김혜준, 윤세아","심리, 로맨스, 멜로드라마","트라우마, 힐링, 유죄, 열심히 일하는 여 주인공, 여성리더, 매우 슬픈, 열심히 일하는 남 주인공, 공포증, 재난, 가난한 남주인공","['붕괴사고에서', '극적으로', '살아남은', '두', '남녀가', '서로의', '상처를', '보듬어가는', '과정을', '그린', '멜로', '드라마', '이준호', '원진아', '이기우', '강한나', '김혜준', '윤세아', '심리', '로맨스', '멜로드라마', '트라우마', '힐링', '유죄', '열심히', '일하는', '여', '주인공', '여성리더', '매우', '슬픈', '열심히', '일하는', '남', '주인공', '공포증', '재난', '가난한', '남주인공']"
78,오징어 게임,9,19,456억 원의 상금이 걸린 의문의 서바이벌에 참가한 사람들이 최후의 승자가 되기 위해 목숨을 걸고 극한의 게임에 도전하는 이야기를 담은 넷플릭스 시리즈,"이정재, 박해수, 정호연, 위하준, Anupam Tripathi, 오영수","액션, 스릴러, 미스터리, 드라마","죽음, 생존게임, 가난한 남주인공, 익스트림 폭력, 빚, 고어, 경쟁, 게임쇼, 생존, 살인","['456', '억', '원의', '상금이', '걸린', '의문의', '서바이벌에', '참가한', '사람들이', '최후의', '승자가', '되기', '위해', '목숨을', '걸고', '극한의', '게임에', '도전하는', '이야기를', '담은', '넷플릭스', '시리즈', '이정재', '박해수', '정호연', '위하준', 'Anupam', 'Tripathi', '오영수', '액션', '스릴러', '미스터리', '드라마', '죽음', '생존게임', '가난한', '남주인공', '익스트림', '폭력', '빚', '고어', '경쟁', '게임쇼', '생존', '살인']"
79,부암동 복수자들,12,15,"재벌가의 딸, 재래시장 생선장수, 그리고 대학교수 부인까지 살면서 전혀 부딪힐 일 없는 이들이 계층을 넘어 가성비 좋은 복수를 펼치는 현실 응징극","이요원, 라미란, 명세빈, 이준영, 최병모, 장용","우정, 코미디, 드라마, 생존","복수, 시스맨스, 여성중심, 여성리더, 강한 여주인공, 힐링, 뇌섹남, 모자관계, 모녀관계, 절망적 과거","['재벌가의', '딸', '재래시장', '생선장수', '그리고', '대학교수', '부인까지', '살면서', '전혀', '부딪힐', '일', '없는', '이들이', '계층을', '넘어', '가성비', '좋은', '복수를', '펼치는', '현실', '응징극', '이요원', '라미란', '명세빈', '이준영', '최병모', '장용', '우정', '코미디', '드라마', '생존', '복수', '시스맨스', '여성중심', '여성리더', '강한', '여주인공', '힐링', '뇌섹남', '모자관계', '모녀관계', '절망적', '과거']"
80,주군의 태양,17,15,인색하고 욕심 많은 유아독존 사장님과 음침하고 눈물 많은 영감 발달 여직원이 무섭지만 슬픈 사연을 지닌 영혼들을 위령하는 로코믹 호러 드라마,"공효진, 소지섭, 서인국, 김유리, 최정우, 김미경","호러, 코미디, 로맨스, 초자연적인","유령, 별난여성, 부자남성리드, 매달리는 여주인공, 성공한 남주인공, 집착, 절망적 과거, 트라우마, 서브커플, 독특한 남 주인공","['인색하고', '욕심', '많은', '유아독존', '사장님과', '음침하고', '눈물', '많은', '영감', '발달', '여직원이', '무섭지만', '슬픈', '사연을', '지닌', '영혼들을', '위령하는', '로코믹', '호러', '드라마', '공효진', '소지섭', '서인국', '김유리', '최정우', '김미경', '호러', '코미디', '로맨스', '초자연적인', '유령', '별난여성', '부자남성리드', '매달리는', '여주인공', '성공한', '남주인공', '집착', '절망적', '과거', '트라우마', '서브커플', '독특한', '남', '주인공']"
81,한 번 다녀왔습니다,100,15,바람 잘 날 없는 송가네의 파란만장한 이혼 스토리로 시작해 결국 사랑과 가족애로 따뜻하게 스며드는 이야기를 그린 드라마,"천호진, 차화윤, 이정은, 오대환, 이민정, 이상엽","코미디, 로맨스, 드라마, 가족","이혼, 가족관계, 다수의 커플, 다수의 주인공, 결혼, 삶의 조각, 부부, 세대차이, 형제, 비밀관계","['바람', '잘', '날', '없는', '송가네의', '파란만장한', '이혼', '스토리로', '시작해', '결국', '사랑과', '가족애로', '따뜻하게', '스며드는', '이야기를', '그린', '드라마', '천호진', '차화윤', '이정은', '오대환', '이민정', '이상엽', '코미디', '로맨스', '드라마', '가족', '이혼', '가족관계', '다수의', '커플', '다수의', '주인공', '결혼', '삶의', '조각', '부부', '세대차이', '형제', '비밀관계']"
82,구해줘,16,15,"궁지에 몰린 마을을 구원한 헛된 믿음, 그 믿음에 대적하는 미친 꼴통의 나 홀로 구원기","서예지, 옥택연, 우도환, 조성하, 조재윤, 박지영","액션, 스릴러 미스터리, 드라마","컬트, 웹툰기반, 교회, 여성리더, 브로맨스, 학교폭력, 영리한 여성, 속임수, 강한남자, 전과자","['궁지에', '몰린', '마을을', '구원한', '헛된', '믿음', '그', '믿음에', '대적하는', '미친', '꼴통의', '나', '홀로', '구원기', '서예지', '옥택연', '우도환', '조성하', '조재윤', '박지영', '액션', '스릴러', '미스터리', '드라마', '컬트', '웹툰기반', '교회', '여성리더', '브로맨스', '학교폭력', '영리한', '여성', '속임수', '강한남자', '전과자']"
83,나쁜 녀석들,11,19,대한민국 최초로 남자교도소의 여자교도관이 된 김혜수. 그녀의 담당구역은 교도소 내에서도 가장 위험한 범죄자들만 머무는 특별수감구역이다. 그곳에는 사형선고를 받고 8년째 수감 중인,"김상중, 박혜진, 조동혁, 마동석, 강예원, 강신일","액션,  스릴러,  심리,  범죄 ","사이코패스, 살인, 팀워크, 연쇄살인범, 강한남자, 갱스터, 뇌섹남, 살인자, 폭력, 죽음","['대한민국', '최초로', '남자교도소의', '여자교도관이', '된', '김혜수', '그녀의', '담당구역은', '교도소', '내에서도', '가장', '위험한', '범죄자들만', '머무는', '특별수감구역이다', '그곳에는', '사형선고를', '받고', '8', '년째', '수감', '중인', '김상중', '박혜진', '조동혁', '마동석', '강예원', '강신일', '액션', '스릴러', '심리', '범죄', '사이코패스', '살인', '팀워크', '연쇄살인범', '강한남자', '갱스터', '뇌섹남', '살인자', '폭력', '죽음']"
84,미씽,12,15,"실종된 망자들이 모인 영혼 마을을 배경으로, 사라진 시체를 찾고 사건 배후의 진실을 쫓는 미스터리 추적 판타지","고수, 허준호, 안소희, 하준, 서은수, 송건희","스릴러,  미스터리,  초자연적인 ","예술, 유령을 보는 남주인공, 영혼, 실종자, 탐정, 해커, 브로맨스, 사회정의, 불의를 못 참는 남 주인공, 죽음","['실종된', '망자들이', '모인', '영혼', '마을을', '배경으로', '사라진', '시체를', '찾고', '사건', '배후의', '진실을', '쫓는', '미스터리', '추적', '판타지', '고수', '허준호', '안소희', '하준', '서은수', '송건희', '스릴러', '미스터리', '초자연적인', '예술', '유령을', '보는', '남주인공', '영혼', '실종자', '탐정', '해커', '브로맨스', '사회정의', '불의를', '못', '참는', '남', '주인공', '죽음']"
85,역적,30,15,"폭력의 시대를 살아낸 인간 홍길동의 삶과 사랑, 투쟁의 역사를 다룬 이야기","윤균상, 채수빈, 김지석, 이하늬, 김상중, 심희섭","액션,  스릴러,  사극,  로맨스 ","반란, 조선왕조, 강한남자, 뇌섹남, 부패, 노예, 차별, 브로맨스, 초인적인 힘, 복수","['폭력의', '시대를', '살아낸', '인간', '홍길동의', '삶과', '사랑', '투쟁의', '역사를', '다룬', '이야기', '윤균상', '채수빈', '김지석', '이하늬', '김상중', '심희섭', '액션', '스릴러', '사극', '로맨스', '반란', '조선왕조', '강한남자', '뇌섹남', '부패', '노예', '차별', '브로맨스', '초인적인', '힘', '복수']"
86,아무도 모른다,16,15,"크리스마스 전에는 돌아오겠다는 메모와 약간의 돈을 남긴 채 어디론가 떠나버린 엄마 열두 살의 장남 아키라, 둘째 교코, 셋째 시게루, 그리고 막내인 유키까지 네 명의 아이들은 엄마를 기다리며 하루하루를 보낸다. 아키라는 동생들을 돌보며 헤어지지 않으려고 최선을 다하지만, 겨울이 지나고 봄이 되어도 엄마는 나타나지 않는다. 시간이 흐를수록 엄마가 빨리 돌아오지 않을 것이라는 생각을 한 네 명의 아이들은 감당하기 벅찬 시간들을 서로에게 의지하며 함께 보내기 시작하는데…","김서형, 류덕환, 박훈, 안지호, 민진웅, 강예원","스릴러,  미스터리,  드라마,  멜로드라마 ","여성리더, 영리한 여성, 특이한 우정, 살인, 죽음, 찐한우정, 유죄, 차분한 여자 주인공, 연쇄살인범, 트라우마","['크리스마스', '전에는', '돌아오겠다는', '메모와', '약간의', '돈을', '남긴', '채', '어디론가', '떠나버린', '엄마', '열두', '살의', '장남', '아키라', '둘째', '교코', '셋째', '시게루', '그리고', '막내인', '유키까지', '네', '명의', '아이들은', '엄마를', '기다리며', '하루하루를', '보낸다', '아키라는', '동생들을', '돌보며', '헤어지지', '않으려고', '최선을', '다하지만', '겨울이', '지나고', '봄이', '되어도', '엄마는', '나타나지', '않는다', '시간이', '흐를수록', '엄마가', '빨리', '돌아오지', '않을', '것이라는', '생각을', '한', '네', '명의', '아이들은', '감당하기', '벅찬', '시간들을', '서로에게', '의지하며', '함께', '보내기', '시작하는데', '김서형', '류덕환', '박훈', '안지호', '민진웅', '강예원', '스릴러', '미스터리', '드라마', '멜로드라마', '여성리더', '영리한', '여성', '특이한', '우정', '살인', '죽음', '찐한우정', '유죄', '차분한', '여자', '주인공', '연쇄살인범', '트라우마']"
87,너의 목소리가 들려,18,15,"속물 국선전담변호사 장혜성과 사람의 마음을 읽는 신비의 초능력 소년 박수하, 바른 생활 사나이 차관우가 만나며 벌어지는 사건들을 흥미진진하게 그린 드라마","이종석, 이보영, 윤상현, 이다희, 정웅인, 윤주상","미스터리,  법정,  로맨스,  초자연적인 ","특별한 힘, 복수, 영리한 여성, 트라우마, 여성리더, 여성/젊은남성, 구애하는, 세대차이, 독심, 동거","['속물', '국선전담변호사', '장혜성과', '사람의', '마음을', '읽는', '신비의', '초능력', '소년', '박수하', '바른', '생활', '사나이', '차관우가', '만나며', '벌어지는', '사건들을', '흥미진진하게', '그린', '드라마', '이종석', '이보영', '윤상현', '이다희', '정웅인', '윤주상', '미스터리', '법정', '로맨스', '초자연적인', '특별한', '힘', '복수', '영리한', '여성', '트라우마', '여성리더', '여성', '/', '젊은남성', '구애하는', '세대차이', '독심', '동거']"
88,응답하라 1997,16,15,"HOT와 젝스키스로 대변된 90년대를 배경으로, 오빠들에 미쳐있던 여고생과 다섯 친구들의 감성 복고 드라마","정은지, 서인국, 호야, 신소율, 은지원, 이시언","코미디,  로맨스,  생존,  가족 ","부랄친구, 고등학교, 90년대, 찐한우정,첫사랑, 베프, 친구에서 연인, 브로맨스, 사랑, 짝사랑","['HOT', '와', '젝스키스로', '대변된', '90', '년대를', '배경으로', '오빠들에', '미쳐있던', '여고생과', '다섯', '친구들의', '감성', '복고', '드라마', '정은지', '서인국', '호야', '신소율', '은지원', '이시언', '코미디', '로맨스', '생존', '가족', '부랄친구', '고등학교', '90', '년대', '찐한우정', '첫사랑', '베프', '친구에서', '연인', '브로맨스', '사랑', '짝사랑']"
89,카이로스,16,15,"10시 33분. 운명을 바꿀 단 1분의 시간. 전화벨이 울리면 시간을 관통하는 1분의 공조가 시작된다! 유괴된 어린 딸을 되찾아야 하는 미래의 남자 서진과 잃어버린 엄마를 구해야 하는 과거의 여자 애리가 사랑하는 사람을 위해 ""시간을 가로질러"" 고군분투하는 타임 크로싱 스릴러","신성록, 이세영, 안보현, 남규리, 강승윤, 조동인","액션,  스릴러,  드라마,  공상과학 ","시간 변화, 과거와현재, 열심히 일하는 남 주인공, 뇌섹남, 출생의 비밀, 부자남성리드, 배신, 가스라이팅, 다른 시간대, 성공한 남주인공","['10', '시', '33', '분', '운명을', '바꿀', '단', '1', '분의', '시간', '전화벨이', '울리면', '시간을', '관통하는', '1', '분의', '공조가', '시작된다', '!', '유괴된', '어린', '딸을', '되찾아야', '하는', '미래의', '남자', '서진과', '잃어버린', '엄마를', '구해야', '하는', '과거의', '여자', '애리가', '사랑하는', '사람을', '위해', '시간을', '가로질러', '고군분투하는', '타임', '크로싱', '스릴러', '신성록', '이세영', '안보현', '남규리', '강승윤', '조동인', '액션', '스릴러', '드라마', '공상과학', '시간', '변화', '과거와현재', '열심히', '일하는', '남', '주인공', '뇌섹남', '출생의', '비밀', '부자남성리드', '배신', '가스라이팅', '다른', '시간대', '성공한', '남주인공']"
90,달리와 감자탕,16,15,‘무지-무식-무학' 3無하지만 생활력 하나는 끝내 주는 '가성비 주의' 남자와 본 투 비 귀티 좔좔이지만 생활 무지렁이인 '가심비' 중시 여자가 미술관을 매개체로 서로의 간극을 좁혀가는 '아트' 로맨스,"박규영, 김민재, 권율, 황희, 연우, 박상면","코미디,  로맨스,  드라마 ","영리한 여성, 부자여성, 아트갤러리, 부자남성리드, 다국어, 파산, 예술, 독특한 남 주인공, 건강한관계, 구애하는","['‘', '무지', '무식', '무학', '3', '無', '하지만', '생활력', '하나는', '끝내', '주는', '가성비', '주의', '남자와', '본', '투', '비', '귀티', '좔좔이지만', '생활', '무지렁이인', '가심비', '중시', '여자가', '미술관을', '매개체로', '서로의', '간극을', '좁혀가는', '아트', '로맨스', '박규영', '김민재', '권율', '황희', '연우', '박상면', '코미디', '로맨스', '드라마', '영리한', '여성', '부자여성', '아트갤러리', '부자남성리드', '다국어', '파산', '예술', '독특한', '남', '주인공', '건강한관계', '구애하는']"
91,유미의 세포들,14,13,세포들과 함께 먹고 사랑하고 성장하는 평범한 유미의 이야기를 그린 세포 자극 공감 로맨스,"김고은, 안보현, 박지현, 이유비, 주종혁, 박진영","심리,  코미디,  로맨스,  드라마 ","커리어 우먼, 삶의 조각, 우정, 애니메이션, 사무직, 직장, 웹툰기반, 정직한 남자주인공, 게임개발자, 성장","['세포들과', '함께', '먹고', '사랑하고', '성장하는', '평범한', '유미의', '이야기를', '그린', '세포', '자극', '공감', '로맨스', '김고은', '안보현', '박지현', '이유비', '주종혁', '박진영', '심리', '코미디', '로맨스', '드라마', '커리어', '우먼', '삶의', '조각', '우정', '애니메이션', '사무직', '직장', '웹툰기반', '정직한', '남자주인공', '게임개발자', '성장']"
92,아스달 연대기 part1,6,15,태고의 땅 '아스'에서 서로 다른 전설을 써가는 영웅들의 운명적 이야기,"송중기, 김지원, 장동건, 김옥빈, 김의성, 이도경","사극,  로맨스,  판타지,  정치 ","권력투쟁, 다수의 주인공, 저주, 숨겨진 정체, 쌍둥이, 여성리더, 전쟁, 고아 남 주인공, 노예제도, 샤머니즘","['태고의', '땅', '아스', '에서', '서로', '다른', '전설을', '써가는', '영웅들의', '운명적', '이야기', '송중기', '김지원', '장동건', '김옥빈', '김의성', '이도경', '사극', '로맨스', '판타지', '정치', '권력투쟁', '다수의', '주인공', '저주', '숨겨진', '정체', '쌍둥이', '여성리더', '전쟁', '고아', '남', '주인공', '노예제도', '샤머니즘']"
93,아름다운 세상,16,15,생사의 벼랑 끝에 선 아들과 그 가족들이 아들의 이름으로 진실을 찾아가는 이야기를 담은 드라마,"박희순 , 추자현, 오만석, 조여정, 남다름 , 김환희","생존,  학원,  가족,  멜로드라마 ","학교폭력, 가족관계, 혼수상태, 매우 슬픈, 형제, 학생, 사이코패스, 고등학교, 부부, 여성리더","['생사의', '벼랑', '끝에', '선', '아들과', '그', '가족들이', '아들의', '이름으로', '진실을', '찾아가는', '이야기를', '담은', '드라마', '박희순', '추자현', '오만석', '조여정', '남다름', '김환희', '생존', '학원', '가족', '멜로드라마', '학교폭력', '가족관계', '혼수상태', '매우', '슬픈', '형제', '학생', '사이코패스', '고등학교', '부부', '여성리더']"
94,김비서가 왜 그럴까,16,15,"재력, 얼굴, 수완까지 모든 것을 다 갖췄지만 자기애로 똘똘 뭉친 나르시시스트 부회장과 그를 완벽하게 보좌해온 비서의 퇴사밀당 로맨스","박민영, 박서준, 이태환, 표예진, 김혜옥, 김병옥","우정,  경제,  코미디,  로맨스 ","웹툰기반, 키스, 구애하는, 상사직원관계, 오피스로맨스, 부자남성리드, 차분한 여자 주인공, 트라우마, 영리한 여성, 비밀","['재력', '얼굴', '수완까지', '모든', '것을', '다', '갖췄지만', '자기애로', '똘똘', '뭉친', '나르시시스트', '부회장과', '그를', '완벽하게', '보좌해온', '비서의', '퇴사밀당', '로맨스', '박민영', '박서준', '이태환', '표예진', '김혜옥', '김병옥', '우정', '경제', '코미디', '로맨스', '웹툰기반', '키스', '구애하는', '상사직원관계', '오피스로맨스', '부자남성리드', '차분한', '여자', '주인공', '트라우마', '영리한', '여성', '비밀']"
95,배가본드,16,15,민항 여객기 추락 사고에 연루된 한 남자가 은폐된 진실 속에서 찾아낸 거대한 국가 비리를 파헤치게 되는 과정을 그린 드라마,"이승기, 배수지, 신성록, 백윤식, 문성근, 김민종","액션,  스릴러,  미스터리,  범죄 ","비행기 추락, 복수, 국가정보원, 부패, 대리인, 아이의죽음, 죽음, 스파이, 강한남자, 테러리스트","['민항', '여객기', '추락', '사고에', '연루된', '한', '남자가', '은폐된', '진실', '속에서', '찾아낸', '거대한', '국가', '비리를', '파헤치게', '되는', '과정을', '그린', '드라마', '이승기', '배수지', '신성록', '백윤식', '문성근', '김민종', '액션', '스릴러', '미스터리', '범죄', '비행기', '추락', '복수', '국가정보원', '부패', '대리인', '아이의죽음', '죽음', '스파이', '강한남자', '테러리스트']"
96,의사요한,32,15,통증의학과 의사들의 이야기를 그린 휴먼 메디컬 드라마,"지성, 이세영, 이규형, 황희, 정민아, 권화운","미스터리,  로맨스,  생존,  의학 ","뇌섹남, 불치병, 독특한 남 주인공, 안락사, 열심히 일하는 남 주인공, 전과자, 비밀, 트라우마, 절망적 과거","['통증의학과', '의사들의', '이야기를', '그린', '휴먼', '메디컬', '드라마', '지성', '이세영', '이규형', '황희', '정민아', '권화운', '미스터리', '로맨스', '생존', '의학', '뇌섹남', '불치병', '독특한', '남', '주인공', '안락사', '열심히', '일하는', '남', '주인공', '전과자', '비밀', '트라우마', '절망적', '과거']"
97,동백꽃 필 무렵,40,15,"편견에 갇힌 맹수 동백을 깨우는, 촌므파탈 황용식이의 폭격형 로맨스 ""사랑하면 다 돼!"" 이들을 둘러싼 생활밀착형 치정 로맨스 ""사랑 같은 소리하네.""","공효진, 강하늘, 김지석, 손담비, 오정세, 염혜란","스릴러,  코미디,  로맨스,  드라마,  가족 ","싱글맘, 미스터리, 모성애, 연쇄살인범, 모자관계, 열심히 일하는 여 주인공, 남성리드, 구애하는, 훈훈한 남자, 독립적인 여성","['편견에', '갇힌', '맹수', '동백을', '깨우는', '촌므파탈', '황용식이의', '폭격형', '로맨스', '사랑하면', '다', '돼', '!""', '이들을', '둘러싼', '생활밀착형', '치정', '로맨스', '사랑', '같은', '소리하네', '.""', '공효진', '강하늘', '김지석', '손담비', '오정세', '염혜란', '스릴러', '코미디', '로맨스', '드라마', '가족', '싱글맘', '미스터리', '모성애', '연쇄살인범', '모자관계', '열심히', '일하는', '여', '주인공', '남성리드', '구애하는', '훈훈한', '남자', '독립적인', '여성']"
98,이번 생은 처음이라,16,15,집 있는 달팽이가 세상 제일 부러운 '홈리스' 윤지호와 현관만 내 집인 '하우스푸어' 집주인 남세희가 한집에 살면서 펼쳐지는 수지타산 로맨스,"정소민, 이민기, 이솜, 박병은, 김가은, 김민석","코미디,  로맨스,  생존,  드라마 ","계약관계, 결혼, 동거인, 독특한 남 주인공, 다수의 커플, 동거, 시스맨스, 남성리드, 작가, 다수의 주인공","['집', '있는', '달팽이가', '세상', '제일', '부러운', '홈리스', '윤지호와', '현관만', '내', '집인', '하우스푸어', '집주인', '남세희가', '한집에', '살면서', '펼쳐지는', '수지타산', '로맨스', '정소민', '이민기', '이솜', '박병은', '김가은', '김민석', '코미디', '로맨스', '생존', '드라마', '계약관계', '결혼', '동거인', '독특한', '남', '주인공', '다수의', '커플', '동거', '시스맨스', '남성리드', '작가', '다수의', '주인공']"
99,쌈마이웨이,16,15,"세상이 보기엔 부족한 스펙 때문에 마이너 인생을 강요하는 현실 속에서도, 남들이 뭐라던 '마이웨이'를 가려는 마이너리그 청춘들의 골 때리는 성장로맨스를 담은 드라마","박서준, 김지원, 안재홍, 송하윤, 김성오, 진희경","경제,  코미디,  로맨스,  스포츠 ","부랄친구, 친구에서 연인, 강한남자, 여성리더, 이웃, 찐한우정, 성장, 캐릭터 개발, 서브커플, 전여자친구","['세상이', '보기엔', '부족한', '스펙', '때문에', '마이너', '인생을', '강요하는', '현실', '속에서도', '남들이', '뭐라던', '마이웨이', '를', '가려는', '마이너리그', '청춘들의', '골', '때리는', '성장로맨스를', '담은', '드라마', '박서준', '김지원', '안재홍', '송하윤', '김성오', '진희경', '경제', '코미디', '로맨스', '스포츠', '부랄친구', '친구에서', '연인', '강한남자', '여성리더', '이웃', '찐한우정', '성장', '캐릭터', '개발', '서브커플', '전여자친구']"
